-3.749996048880561	-1.2825601038154124	-3.600441141517468	-1.5262538293844896	-5.859066447386903	-1.9049548628521387	-4.351725580041992	-5.788970462770139	-6.469578907816018	-1.9451684171648447	-5.078073923635991	-4.20427594369323	-5.862370985535348	-2.3448187717347384	-3.1249683694419126	-3.266641514327631	-0.44621063686983187	-0.11217014265241905	-6.797086724132544	-2.0188424747032414	-2.220185361155112	-4.294675085975069	-9.182788720596179	-4.610075512998824	-3.3207809681848564	-2.0431905734111875	-6.618882026833175	-1.4155285724396758	-0.4778345134919079	-6.7592514143354165	-5.461068305338522	-4.017102305924832	-6.971501899410895	-5.104161735894973	-4.702015175216201	-0.8174459844729638	-4.226594152758599	-1.0805171170542345	-2.3801144064211925	-3.1217352909344496	-2.871195486063467	-0.5014950250371132	-5.846467105116901	-1.3971734774995412	-2.5986303067805427	-2.1503715774536465	-0.4573760738434025	-3.743716375232368	-0.1081846637202637	-8.087326981695773
-6.040110130365994	-13.327281969430961	-6.134926177120576	-1.792003103823876	-1.204633438246062	-1.2944875586673945	-2.413209990617376	-2.2463184668313634	-8.23895540047783	-3.226208764958253	-8.672680033101404	-2.267806922820313	-0.4822901044387316	-6.9653084388495525	-3.937240091355111	-8.556154626185146	-0.14002988900931995	-4.956682228052225	-10.475291584603596	-2.416200428371507	-2.7272437229644186	-3.250998350406236	-5.3164826423687295	-0.6228638830517195	-8.468456583955007	-1.1175326472987268	-3.5955107825870045	-4.4794414938027405	-6.405142859950929	-0.08050180715704139	-1.7358191458346277	-0.8614633275410779	-0.1582587264336372	-1.1354241562306449	-6.2215082479824115	-5.180775848014514	-0.17025281217065508	-0.7469371313131783	-1.1083320865448982	-1.5719296560021143	-9.322015980768986	-1.1344379086228278	-0.8251371372359415	-2.4576154296408483	-2.682388142225661	-3.024855376002816	-3.7910360528356506	-3.3973501887137516	-1.8441910888257667	-1.0610640873942012
-0.7347492875580182	-1.1291112756406385	-5.4355341811664895	-1.561718903433123	-2.3777329356092953	-4.113169921786634	-5.405982086809224	-2.1537061918878964	-2.7371503408056284	-0.32348563009075076	-0.05276259184659554	-3.5852299542857677	-0.7852242770483087	-1.44019050816501	-1.0198813454738351	-4.178375868210457	-3.4754532768845037	-2.2881116121044114	-0.28658827169495826	-4.7028796174714245	-0.9670829500255008	-1.57743518676864	-2.0988331248235212	-3.7260172392432924	-1.5635901920028412	-6.950648375498887	-5.033363300966128	-3.2470829176152542	-2.552968153032227	-2.429373439837738	-1.3424914933800245	-2.213872964358428	-2.5362034327610266	-0.06975720949269323	-3.629354843766657	-2.451347372810357	-7.268325072816528	-4.0870908627011575	-1.9307781526714036	-2.0236346265301157	-4.838634916173575	-2.653097096615747	-3.346714094990429	-4.136006159152744	-0.052148051113390485	-3.398486992230673	-0.16653655089286384	-1.2171127288048216	-6.326850951054437	-1.9454458003588142
-1.1418187450680661	-2.076702817231712	-0.8246386517867552	-1.1153660894789938	-0.03585240517967508	-7.455146510385734	-1.781944025269527	0.021617420231533627	-1.875468035694217	-0.0950763763265678	-2.955533988669404	-3.56135214971254	-1.6148338013594938	-3.2986411747541955	-1.5439275323997776	-4.193108087173002	-0.015918175093089168	-0.39390168303707906	-0.38135825551145364	-1.438430108058362	-1.3607767586312354	-1.1705447255838475	-2.1890158714249415	-0.7588347287488464	-3.480722110755342	-0.4635064145083138	-2.5833264884204565	-0.9048289785618131	-2.573675643799098	-0.43843198433326314	-1.253059127334064	-0.6362634773446205	-1.8887342685288904	-0.6296715160194621	-4.233517926554386	-0.7298617919945202	-0.1175108532799832	-5.222272965773389	-2.9545830279088348	-1.9678311089713878	-1.5450104730715255	-0.9951313836649036	-7.411596975574274	-1.5372039278323266	-2.3383393458026758	-0.8461288136198092	-4.1359780815938505	-2.9800772759533105	-2.195800305817615	-3.970594003266102
-0.04190667477292286	-2.9012984793122625	-0.058252480770348974	-1.1128989493567036	-5.271554616722124	-2.6677447446910616	-2.8209209862131432	-3.868482159160651	-2.117810548965455	-1.2186323726690338	-1.2631235880860248	-7.09261254043847	-2.125420086572958	-2.2948235442299585	-2.646444360475064	-1.4816830621261894	-0.47182413103235243	-1.2692483715053204	-2.0870859910371635	-0.8133364464346051	-2.2274127486238915	-4.992659487069797	-5.641481488188546	-4.089535372259949	-6.004291063053392	-0.5124833668479164	-2.9450392880438367	-3.938378625147605	-0.231318840183853	-4.147978626366965	-0.04840958291103994	-0.6880054752988077	-0.5545257909641672	-1.8706523046753736	-2.65439303281189	-3.406690171219468	-3.7006190920235973	-6.2504021687037055	-3.0239657801238415	-1.1430805784819624	-4.196523068063728	-1.6573028239813885	-0.07247537008324101	-2.0212396725427144	-3.973658717511123	-7.303465917050078	-2.9524187039600616	-3.989968876772112	-0.7593253541926864	-0.2555289934368198
-1.7148868498393905	-1.375351483627612	-1.1535237822384987	-3.7918276943528255	-4.114129216862496	-1.7735784684854226	-1.7619855661794652	-1.590588828629256	-2.7466102670668873	-0.45053957009110474	-1.2190924714616063	-1.9901291899069051	-0.118869306841064	-3.475167189229166	-4.249203016321229	-2.628395579258953	-0.5478573518746146	-3.295445721806611	-3.087587816081546	-2.869364252529266	-0.8384715351625602	-0.2975635520226145	-2.9826645960647573	-0.1337904225652038	-0.3659305435595594	-3.8334106969120274	-1.3809236500684903	-4.082025927214788	-0.874108304872621	-1.6966569823377327	-4.14291395557826	-0.06713164216633012	-4.759413459713118	-2.176828111060291	-0.05182919787397926	-1.4101071966034178	-0.4464864197054818	-0.2513187893080768	-0.10501237137024451	-2.4095562757590194	-0.040405342356404625	-3.4127924218656354	-3.8952787163542064	-2.95501318875674	-3.18906621072328	-2.992680753177676	-0.4350440749050037	-0.10480289728499977	-1.0294713185411812	-0.31249945979930566
-2.313584208804088	-1.3018134480496983	-3.251381695312699	-4.8389786593628585	-0.3650644859785933	-2.835642863813047	-6.3205223325087765	-6.100779385274437	-0.31643649695015813	-0.07617857258646657	-2.650785776224475	-2.092676755167167	-4.260659504406461	-2.4763672603984013	-2.803848191948907	-0.9547000604255387	-0.5600257158288705	-0.8367440316105461	-1.8798255180502554	-2.5324410284544734	-7.12298743553045	-1.0721407352779695	-2.5545191383936494	-2.331654827477336	-0.46873363940459845	-2.2137248947146997	-3.752769539581576	-3.610023548806105	-3.985069904179929	-1.2303036584697864	-5.546881570420727	-2.185694498200669	-2.071573204804789	-2.7253905423667337	-3.581408505235192	-0.09788874367661315	-0.0588958385093276	-3.393454148111723	-0.7118446106300588	-7.280217609029096	-2.7975354009631674	-0.9183022114926673	-1.1933558082491276	-7.362988652003466	-1.6325874807154486	-0.4254319365092357	-1.8200430158299763	-4.423684417414676	-0.8447933610666514	-2.9960413388469482
-9.589905502534046	-9.230874870347026	-2.329927826090655	-2.3640526310991685	-8.896588899296697	-1.2099387832090163	-1.4138031962301696	-5.877299242852943	-7.282650616888677	-4.985058020080224	-2.5585235355917035	-7.050517466361006	-17.206932139126636	-0.4728192666484221	-5.271168375636302	-4.0226172550105135	-18.932370710023765	-7.144979405265666	-16.712929952256243	-4.412424018557428	-11.165913214198472	-6.917645874587308	-1.4438531340667895	-6.419630899428915	-3.011201592247986	-22.691762922951483	-5.017595052572396	-12.632508228626598	-15.821486971638738	-16.545894691657004	-7.259951073718997	-1.2025549554465644	-7.0383208197926646	-7.059533237417698	-10.77654724693861	-13.371721426415917	-2.3511725223026922	-3.215024291862003	-18.539042797831797	-17.697527938070692	-3.344592188836682	-8.134486539667588	-4.699030360686541	-17.71061667330653	-10.421993765055674	-1.5112261400195415	-7.439328702440648	-2.0904881122972903	-3.91280133026199	-1.0658153331881008
-1.705932817294264	-3.078400538704652	-5.482132707492155	-8.320715053228934	-2.9676012141635812	-0.5078027832719766	-1.5815590549741914	-8.600627394825164	-1.0206752440108664	-6.936778500625929	-4.399807348377725	-2.881460093765891	-6.871482911229489	-0.1016336768010448	-2.609372806185852	-2.285677739116699	-0.5183340279434399	-1.6641915642081826	-1.9892379945502485	-3.821097523366677	-5.561126492800437	-3.115771575260791	-2.8649854179568015	-1.2920326059982696	-2.7698826463964465	-0.9851925802868232	-1.1985109520547146	-6.11397551856323	-2.2581263335531085	-7.741942851620655	-0.14259308943435522	-2.655715935496768	-0.2334803087835465	-2.850201325328371	-0.12537147501754534	-5.004943216094942	-4.265602612213698	-2.719714359376672	-5.2218314017418175	-8.05255016588122	-2.8725591776695882	-2.2735924866143282	-0.5679612854822133	-3.18866071786207	-2.0258899089689537	-2.1336324307055445	-2.435923886183343	-2.111181003312347	-3.568084808978934	-8.008421963412335
-3.5927614281041915	-0.1938127504276545	-3.154946353408384	-3.4180458167096974	-4.612251589092896	-0.8857830100640215	-1.3352931949605167	-4.051093219194052	-1.125860940379476	-6.928939248852963	-3.821489775929035	-1.5524122057286425	-3.447482750959438	-0.8431618595644836	-4.443211622666391	-0.11865765762351989	-2.12097952701318	-7.3100014608800015	-2.9588357066698996	-3.9269862171596284	-3.828522344693634	-3.266843474704366	-0.4615292832515715	-4.678381127349379	-1.1639549281944588	-3.1672240272073866	-3.707693002811139	-3.1334429060300284	-6.060367354146004	-0.33053321161192983	-3.4475986823106894	-0.6480096695975557	-3.5076896151703036	-2.462794055323454	-1.201675520076143	-2.0720916201709167	-3.635398261444585	-1.437503589299818	-1.5676259436987676	-0.2530943115830011	-3.9975364339918493	-2.1762482437470347	-2.9671102471836996	-1.6332239871323835	-1.895167816134979	-0.37086753447889753	-1.1961446325152743	-1.5127909610630894	-1.6185827896206457	-2.167589988122117
0.21160381556125593	-4.6631816580306875	-4.825677559553819	-1.6066804610993441	-2.953483033893078	-4.1415364519132964	-2.364403660358564	-1.584507139698436	-2.843590705636665	-1.0089985126627026	-4.484183381485209	-2.418819514744127	-9.548364499644668	-0.16173437520843714	-0.642663886325537	-3.0470512039452804	-4.441137407431638	-11.485480434559726	-1.2666601815148866	-2.0617601614878374	-1.0901471758543875	-2.7456789865620523	-0.4046351730339343	-0.34189025743681445	-1.2080795403350626	-0.1679006895961688	-3.974824195890965	-4.089428471525748	-3.7874477866489276	-3.2908407568273033	-0.4579414668265169	-1.5802471767661976	-0.060507317636261285	-2.444375843562428	-0.3510583840334251	-3.327740194000069	-1.0041871745265958	-4.265190807951832	-4.959829985881713	-2.2742593115145406	-0.8520519692105175	-0.7263717471054756	-11.217588444190438	-0.16178792254890706	-2.620560592122965	-3.2150553651016054	-1.5435531584242144	-4.269773886869055	-0.42996357380601	-2.2443134649850687
-7.031455944855469	-4.261221750315211	-0.6990561881797932	-5.883452582423537	-2.395725295987855	-8.65387703359723	-2.1168345604219536	-3.7716069655238638	-6.035639054283402	-4.349263485811842	-0.23584264438259023	-0.06726527104333027	-1.5662683236653394	-5.755858210308945	-8.888274246715445	-0.5075484864958681	-2.7057488104748115	-3.9870646604299003	-0.062188224059796245	-4.165356386942351	-5.879886094964679	-0.20911970643753358	-2.7975597030266783	-0.4370931610298028	-8.68269888761263	-0.2458084690925125	-6.418006408045774	-1.7253876800744814	-0.11195643192872087	-0.09647996340429743	-5.217283248560712	-0.6451912209210419	-0.6352962011746253	-10.630366701778634	-1.5462529508154228	-7.600348708372261	-12.10633426696296	-0.18522916973087947	-2.824945764768706	-3.7828355458692324	-3.6823644353684335	-0.17884889540763904	-7.187649130485888	-4.8387230926627955	-8.047986626867356	-4.861768279591442	-0.17099994923331086	-2.552605282036607	-6.554483402694658	-4.350481248333322
-4.614835376771163	-1.1495234216491088	-6.217620093680512	-3.8157710266608094	-5.271203510947455	-1.5804152419663722	-4.817532049047438	-4.456228675378825	-4.071765592958637	-2.3724139339663397	-0.10367219432277419	-0.41693420813029275	-6.347205622843525	-0.9126841338336944	-4.83044100216508	-1.6988285269066181	-2.399855734163481	-2.208372163345655	-3.5738274471015075	-7.794907972606449	-8.64236140127423	-5.591680287571274	-1.8422306216915822	-3.758188482656303	-7.071473510205927	-6.719651367300493	-1.8742646788882953	-6.032213417812604	-0.9827274731126151	-6.836404076620521	-3.4465023431075092	-4.0735749513310395	-4.7998390311707535	-0.0547546113073543	-2.374369330053018	-4.1658280754138115	-6.484070177058021	-11.742585083964357	-3.0452767435298185	-3.7239067929907272	-4.012683836763832	-2.1931574043273367	-8.10435189214661	-1.422062273801386	-0.9290281731865397	-4.172844667004911	-4.65603031213653	-0.18347993465082738	-2.63213345084457	-8.299174288310642
-3.0327456582483943	-0.4813600355796784	-0.08250276722237872	-4.107939996987523	-1.4024544440118416	-2.1126563268229575	-0.04510734263785404	-1.6813866925542058	-0.5000859025069713	-3.6048825297581217	-0.5707770287463559	-2.077342221031204	-0.681176917023034	-1.3435904151854003	-5.7932373808941	-3.5071234922556185	-2.0424727725226357	-4.87206410938702	-0.5312785142389904	-3.544110492182449	-3.0992730943425757	-1.4996794728266742	-0.5610528591994266	-2.020570904436354	-2.7990049011372866	-0.13353988259765523	-7.604833862782969	-4.149831106377849	-0.466877532440697	-0.04290612752348745	-1.8513630100760161	-0.7912539716747111	-0.23062266970576611	-2.761512613122723	-6.437329478868648	-1.493086882717999	-1.8134317881401845	-3.347731231656507	-1.5060746197352202	-6.415510972393586	-0.6378013470139423	-0.3222254058746769	-0.4177635283265938	-2.012920274136696	-1.944944709212288	-0.22957634583179765	-3.0009656815714574	-0.7903896140185205	-4.430146212251079	-1.2373614874416061
-0.1727898991515807	-1.4217722487641105	-0.7948461164287055	-5.997875754494654	-8.832876985691872	-10.191870285043967	-2.2950410298410633	-5.851486879655679	-0.47256405748171526	-0.8697907551424884	-7.997755254070736	-4.111247029180936	-3.957589717743396	-10.191902226771498	-2.924142615752077	-7.904284636163236	-6.759088723118435	-0.5591225577594229	-9.53308823474774	-3.8465856546101174	-11.157609884377656	-3.973018139353097	-3.9514857369743135	-6.630278246116987	-8.702129354398325	-6.701161803946571	-9.869636219855389	-6.2876293840738455	-3.2366526568806293	-10.039397129981477	-1.7351024374448047	-0.5158950692757254	-1.6025298048859034	-0.20420909106722102	-10.048132641983758	-7.300620713770422	-5.065855832225893	-3.526976455416161	-2.310174241948159	-4.749384278884888	-3.6384625104210366	-9.30413002811866	-11.357153165149402	-9.846954364624505	-5.789066025943052	-0.4128453771190646	-8.99646130872098	-2.5542510867446477	-1.3024729852730745	-5.0938890659634115
-4.535096225051054	-4.277459072971249	-0.9373601369829831	-1.2404257916585633	-8.677286912118085	-10.707905744023282	-0.8103687189591713	-4.417957874313385	-0.9144797694512256	-3.366348432048552	-13.616441601595984	-8.177289736514593	-11.94738203442159	-11.62285449464407	-3.169122372639409	-0.5553256057252494	-0.9852089159028019	-8.640140187079941	-1.8804428646193476	-1.7652933612914952	-4.48065477857068	-3.139387027870876	-11.851339964457694	-5.352490298301088	-0.07423429735828664	-0.043220128831394394	-3.9692975113315345	-0.9548280331136779	-9.346109669083434	-3.985380667061815	-5.029725004843641	-2.1111048527318816	-5.946361802712055	-3.556959525932245	-1.2624483905295132	-12.16796887057678	-4.0058742540062084	-4.438349876449912	-4.529371538066165	-9.638622220015321	-7.6221201961871365	-3.748618749889069	-8.141359512518129	-3.786387919009713	-1.6531197156521242	-3.859454687765365	-4.280091989544248	-2.2116975367595364	-6.103119430094897	-10.870413872171806
-2.573509658984909	-2.0415162768652633	-0.6522386876584517	-3.4453905854092164	-7.385705303337181	-21.256923282190318	-5.727905517789141	-1.9682384174142509	-3.6079531965260148	-2.0109314980215354	-6.847860641893606	-1.971673374928097	-6.619752193470466	-4.941254462075812	-1.0838167833679435	-11.560031013396701	-2.6204901124819266	-4.235190733103818	-6.682003789554709	-1.2473709358068112	-3.498171983909723	-0.7051961145716955	-3.6866949728633913	-4.957877215622103	-14.639915279648262	-10.432234644207906	-5.465891559569631	-1.8636014287932972	-9.873286650531409	-0.8377592741708737	-9.102967190058703	-0.973120817872879	-4.0203260000267935	-19.821297847680817	-6.604649502221463	-2.1956603214224373	-5.232421983288719	-2.15685934866317	-5.740999908927299	-1.8436120874424078	-5.873122163351776	-6.002618279328832	-8.705406867747062	-7.2555127025411625	-8.94920539754268	-0.08457467612079	-9.706796858491444	-4.0957618644338645	-8.072648349353797	-3.890035555735251
-6.344364443226711	-14.088453908168148	-17.21160794816274	-0.3921857305156032	-2.3033720678129894	-5.29911768613542	-0.9330074589328206	-14.235551418475287	-3.4204923529684397	-1.4108015592838972	-2.592041676102977	-2.8567332862883994	-5.4348199927941305	-0.6436208962408585	-9.968209970484256	-1.5925933666321268	-1.6843936360666625	-2.0579805213771905	-0.6066243269032016	-2.173810994192532	-3.1858043210090434	-1.4971848603324054	-5.81116484022022	-0.5963783695870327	-5.03149077772709	-5.2038615310097835	-1.7982494622384173	-0.23722952594661528	-3.984941269732057	-7.597027244449736	-0.6136653282087926	-1.3539757403347736	-1.8941500057519933	-5.826570803446936	-15.699250552857619	-12.100528347058496	-3.7510296241004433	-12.278101839701847	-1.4822776422293558	-0.21014591004642266	-9.097092144151116	-10.922241636883184	-8.488092347804173	-3.9610252879124186	-17.2559095648554	-2.2997556336081058	-5.173410616291234	-0.34476574291820716	-4.747735912807069	-19.011136529779105
-8.369232379880252	-3.500056554024586	-0.16252820429956516	-2.5441390680254896	-0.8198595727243196	-4.1154834458696055	-8.18430627122915	-1.3940311131946417	-9.039729006094278	-9.064897491353694	-2.468608686627645	-8.049016075462903	-3.6810311957610233	-12.345420772883033	-4.662211160596883	-0.04442349022056403	-0.1950951727837959	-10.450545390766106	-8.876991307410217	-1.4802632980645372	-2.1174080219362263	-3.8626348596530002	-0.7707189152821186	-5.992192631488633	-0.7021033771464522	-2.168002979070602	-6.148865072444098	-8.232989993590987	-2.992011827086399	-5.238354017945219	-5.965179840178917	-4.360643976489904	-5.005850336381027	-4.5750428637131435	-1.7712025833832716	-9.282448362259155	-3.4385979282311974	-4.42805080336249	-5.7298214243176755	-12.286737344523273	-5.371189101544969	-1.9710620310568268	-4.158547159770733	-3.2402639343554944	-3.020455799921427	-4.752895000335563	-6.854553176966686	-1.2881463542796978	-7.269530264539646	-2.5452747145173062
-0.23303456324161603	-14.639209528727587	-3.7501962184689948	-0.9372002179671676	-5.179052316810017	-4.5474235610552025	-4.365081006486763	-1.2477453681529482	-0.8375146155177939	-7.2170993116306725	-4.243124655494456	-7.6346454968097035	-4.676834918605023	-11.892162040006212	-0.5131133713350439	-2.7000289396824204	-1.5902664491244671	-3.8494773585100033	-4.517868862690101	-2.457978972812997	-2.4994243017839888	-2.272393581552234	-3.5306703142652514	-10.009221490072296	-10.101004685208563	-3.7828090004379997	-5.2870667761725185	-3.636193687434214	-5.259795443463809	-9.21247400507731	-5.1966942668176594	-4.836687169255334	-0.9041007033547998	-2.822941975557434	-0.8467224275817906	-11.05373468243521	-9.184756463506245	-5.4297253615333725	-0.9000313127889488	-6.458558588711762	-0.8955249677978085	-1.9988542434676875	-6.698932362121318	-8.729471004717658	-2.7971501249070525	-4.890747052346555	-2.1039961048103324	-0.1662499069814632	-0.48339524993801153	-4.24316211540936
-4.780427295757248	-5.680879417203964	-2.2220354776194244	-4.386018661338231	-6.428731196329419	-5.005245722696871	-4.487873147791361	-2.7337113165423386	-1.1048638199226017	-0.9119117006824	-2.218162210769569	-0.5031397460787725	-2.4995865811536917	-5.677205979545256	-0.40949594867995964	-7.986707005367659	-3.188366738746273	-1.605961514048228	-3.8639455983772	-0.6102237045361549	-4.176097113359283	-9.990204158556605	-4.6301650880682175	-1.7042223384052528	-1.520803136777234	-3.7034751844606455	-1.872693529935723	-9.868769828632646	-4.638445670226062	-1.2172486807657237	-4.046361216130365	-1.2405306171492754	-6.238685134119908	-4.028905632916551	-7.450106373823083	-2.606422630937523	-0.35365676910951	-5.92204071692162	-4.9122358549057585	-2.468914204599918	-1.935482421127424	-0.4235506212885052	-5.825198704408251	-2.074012141164375	-3.1457765591729254	-0.08537578190070369	-0.04484697408371464	-2.6211937934617398	-3.3521525146452356	-4.222945737810544
-21.770383548978007	-16.68771638313356	-11.461135079591983	-0.29502067271750543	-8.923549652192863	-19.944806031172934	-7.321824549666134	-27.29600250477343	-6.958333582017103	-23.69338527992087	-14.110145246303357	-16.070387539221354	-8.954800371123852	-8.164921449416497	-1.808782817513274	-11.062939424675339	-10.733460053352768	-1.7502051795885096	-22.526631001703596	-19.646322082901523	-22.32321810877179	-8.63551378409392	-10.638631964769068	-7.534106577852185	-1.1005878204231911	-13.4735068244188	-10.90555347553303	-12.38487259332012	-13.643973730116791	-7.079019924016512	-20.579215358111846	-16.88495346989509	-6.6758828318630545	-15.298946958586527	-15.429590522006128	-10.751755456525231	-14.51774911216626	-11.167099322317682	-4.303644353822385	-19.353587128084758	-7.046724511062236	-13.203329139612707	-2.652659944699158	-1.3911097123424532	-10.869487432584055	-7.3791881168351985	-11.65779038041407	-27.13494795602928	-10.183156422958834	-18.478765256199694
-0.5034952353712613	-4.496105757201699	-6.090587747441726	-0.9014017350857	-2.1068260426747716	-1.7203814460656872	-0.9751744623476464	-2.586205317493933	-2.124582894826099	-0.7104744210246403	-3.6001460593369474	-6.73748237410966	-1.6053620989968893	-3.1210468055854297	-2.1510458813872555	-6.007970191984432	-8.832280265307341	-5.034069831701794	-10.610383205555422	-3.7051721077496977	-2.2517212438204055	-8.404588986107347	-2.4130589045356015	-8.247843252199841	-8.500975764751955	-7.280183377507273	-0.26938312754359056	-0.821092251637122	-4.46665867126044	-4.085050307332154	-1.621953277341273	-2.3050598156110835	-0.0663498118677087	-8.6341042377768	-0.22651671669426693	-3.515973475180157	-3.5046733886212724	-5.680393161077697	-0.621519801296353	-3.2379303805324784	-1.0600618175858094	-1.3091448227690714	-6.917029271210463	-5.540935697018622	-5.07643176462499	-1.1416616644414221	-1.045939947166812	-7.205930379316448	-2.0912497947591535	-1.38868899591594
-3.2094480213624594	-5.322245750942109	-2.1471730330711605	-1.4307710293063485	-7.62497050369382	-1.7943542350270132	-1.4780190745081916	-2.399054478557845	-4.695563472330713	-0.3306109900238443	-3.011360606769938	-0.470493695528607	-1.7256934112513123	-2.607801010710012	-0.8686919306957401	-4.7530652708511205	-4.919969594175638	-0.13175223526304164	-1.7866989478178006	-3.8272197847557945	-0.08820693960938811	-0.7076064890279563	-6.0006939394332806	-0.054692229471892714	-0.8556658656272091	-0.7946250423217848	-1.0866100535868948	-2.205459248121077	-0.6876657354976249	-1.1337523203558826	-4.2093001406277795	-1.5069523455496199	-0.06559592241881519	-1.702014180369141	-8.546094123529153	-3.0575597981460727	-3.3122231093519208	-0.658751069699558	-5.050453840860674	-1.7527393926606307	-0.14088074119119803	-2.801092908256515	-2.355433382610351	-5.961028873899407	-1.1976404620291041	-3.1746964808518596	-3.679441105958041	-4.800078136531782	-1.190489927937041	-3.1949605307133
-5.134252458049648	-10.709660713484082	-2.2158815916142043	-5.254263333543824	-0.6960569656352936	-7.261144352970822	-1.7221093699535068	-0.6286816064822409	-13.41787052364632	-1.192419065345307	-2.738806580171744	-7.3233485900825075	-5.771330877034568	-7.693869036730931	-0.31681650335075795	-9.111136378164117	-0.5095817148424449	-5.257031769123489	-4.321903074035992	-3.3301072544964274	-2.4545088962916006	-2.5008087207548395	-11.091153211828217	-6.94997240354339	-6.560921074423488	-6.07328088049969	-4.942992152881312	-15.421338863939805	-8.153295009891737	-4.875640921452835	-9.404459916403297	-1.7535923074058681	-11.129423874336627	-0.513174549201565	-1.1459004315203019	-2.0030935272054964	-0.6281943758536646	-6.221957671181265	-3.1605107681060325	-4.889044449566695	-7.542641711357092	-4.197265676555114	-3.469731777268704	-0.21140171840042105	-2.8803045803114156	-0.2547059637450852	-7.572354922792655	-10.936217946461973	-4.895130877031637	-1.0315749599349309
-2.045179287498426	-0.6016402273339837	-1.7150547117596175	-3.5084434341980155	-2.105773120921665	-0.17623403091669657	-3.1569569636414005	-3.387444233881718	-1.3546700600614217	-1.0100389447774218	-2.3840414353530655	-1.2317617018027536	-0.10143865086159162	-2.8703353997221113	-2.8677034657610223	-1.7317363430034447	-1.0541751347131778	-2.0480404440264586	-1.2376313719739034	-2.1592307618108455	-0.4328608858188548	-1.0977944182462926	-0.37640122911605156	-1.6077825901425766	-0.17520918346162695	-3.0419029837374048	-0.8938788259420237	-5.901199118000605	-2.6623019247089315	-3.4978287994187367	-4.774340114924636	-0.42108966290449545	-0.3834958142422695	-1.9633216780832141	-0.3385894140158037	-4.001291546778371	-2.0906822636308364	-1.5941063852956507	-2.8520008117061897	-0.34416446291907005	-4.509648590249968	-0.12373064963098365	-0.7905453141752843	-1.73662178673534	-3.8810389855016627	-0.6682671841849751	-2.8153480180009747	-1.4576438969052563	-1.966650670940735	-4.361888088137691
-3.1483550009602617	-1.219819174152549	-2.359995103108592	-0.5194717654384522	-5.049746280888888	-7.802088303815738	-0.6735842426659536	-4.101826978711755	-2.0627838618131764	-1.4597082827364305	-3.6100985616156	-4.20415749915156	-2.6317554078115015	-3.6621515815049195	-3.887365299795233	-0.7831801336129972	-3.704732246697959	-5.554262093911583	-2.65146009217207	-1.3553696506038309	-6.468563067863602	-0.5619808079322727	-2.7158937346595584	-3.772641999330564	-5.809343828630229	-1.0864036842370104	-5.775014828342237	-5.713230472333121	-5.361323531441568	-1.0304124107201125	-0.1393124740631001	-3.480293838083664	-0.22281837874066812	-1.0958465011724972	-7.187762602310303	-7.275375220699572	-1.5453723597936757	-4.2303322555735345	-5.903800450548527	-3.220394866945434	-4.583231590516006	-4.096960096452229	-6.2507875494145075	-0.979975586719886	-4.702412532684703	-4.100351726110893	-4.014306901514216	-0.5329780323368295	-1.9269447307371357	-1.0253785134329219
-0.42950126904161	-0.9789907763171348	-1.3676840939748716	-6.223467812806566	-0.8576660236268365	-4.694401338846033	-6.340805883894171	-1.1087231792333305	-5.411205063128165	-3.622033697108874	-7.032206728699022	-3.524089275461793	-8.457887565037806	-2.3001484880066894	-8.01605676147148	-0.9594148291314564	-0.5267961324751111	-9.05661057546734	-2.1612549687067277	-2.3576013376008875	-2.0873633349533627	-5.951505838151153	-1.606902023600591	-6.174964920343348	-4.515602096246192	-0.3445101593011154	-1.6657711099510368	-1.3716783050268462	-6.860457489652064	-3.9425519318221873	-3.3819903773709505	-0.6824713728785327	-6.0186937927535915	-5.0945238741952865	-4.037037438849279	-2.6804580623505334	-5.123112700740438	-2.2084384101577523	-6.347260022414817	-0.5082656984675578	-6.413192428980061	-6.184437892449962	-8.386531578505203	-0.8712937893598219	-6.980617792627383	-1.3809316434208792	-1.5659289314557017	-4.763517002209443	-6.31009359243212	-5.122884636697404
-4.703824602511242	-1.0789816175226103	-6.355042359663502	-4.519316254106615	-9.726599830395738	-0.8399080608212319	-0.9350636993235231	-9.754088225118153	-4.094592003690527	-15.685318230675662	-2.741729139962625	-12.2972914109478	-6.718084422026402	-3.0366767337221336	-4.926714032079388	-9.479547710605312	-0.06339902174416026	-1.8452378565690575	-12.401788476344455	-1.7194790873305015	-4.34857242144698	-9.243623741424287	-0.7811676736233594	-3.0056649580392802	-10.843718537522214	-1.5993835754324524	-4.72011995704284	-4.493347161557396	-3.6900852355448794	-15.452871863946633	-15.466754264395739	-4.24635189094564	-0.5569669727751194	-5.490567663170946	-0.30891536068856684	-4.447270685562265	-4.114892770813393	-1.1763207941841403	-14.985030028464635	-7.42324147094042	-3.001714994199917	-2.7415371960866377	-7.3785369607088	-15.311381877809426	-11.980266158207534	-0.2367239874141338	-14.495169457108428	-8.022718452800024	-5.535569592547848	-0.24046452745495792
-22.037363725740594	-19.731519415750697	-1.9277888460924544	-1.4484729775201886	-1.6989222071166215	-18.538452560153917	-7.711589681836369	-1.1523132785574166	-11.365640462417186	-19.34430590987482	-14.111579387888076	-8.845775303020813	-2.9161480975419654	-9.862457052225562	-10.522332951722348	-7.021202810719453	-3.7266934372088487	-3.7184227364462883	-0.39574337933463205	-1.626965103591811	-11.304796315342582	-13.696445624222	-13.39186868263083	-4.962261119087845	-5.449490257107984	-19.62608475910168	-5.448905687084997	-8.874056343112798	-10.088185483430355	-7.170805350858663	-0.8212524387439997	-2.961344879719456	-13.799755522583302	-3.087615850841142	-8.885562468661483	-12.924707676354284	-1.7517036192086344	-0.19296861543736857	-4.033793626272513	-1.423353144378784	-12.05817524181932	-6.695165102385204	-8.177818703045054	-4.639759899765661	-7.6527511533990555	-1.804501327026439	-7.942477291571365	-10.556534353848084	-7.717710999412862	-13.263841805488347
-1.3389737381404716	-6.054579458739374	-4.8149540901480705	-3.452700397021234	-2.3766529479407588	-0.07276414607374937	-0.6774726728894058	-1.9048080156416867	-1.6958206261178561	-5.2714062812444125	-2.8255139291438254	-0.37156753294542955	-1.046491519025854	-1.2278635548853383	-5.831225109564556	-1.867417058201434	-2.987013881341172	-2.070579993578269	-6.649201004988768	-1.8779224686700053	-2.8269318236972705	-1.8581435188221602	-2.6181318516127696	-0.2411774146945525	-2.571982033035134	-6.426765389751633	-0.19266088793257205	-5.1339402510621	-0.9998413691124094	-0.8273783380332981	-3.7524196325000565	-3.146372682590817	-0.2978227839766583	-3.0937224515307724	-3.1346865286652226	-1.9217335740921875	-0.6626399375314658	-4.391585511807636	-3.9339102543683158	-2.10234074100485	-1.2280588095345544	-1.5599124998782967	-1.3041084404045868	-1.3998642186159693	-4.160490711570506	-7.706232893751153	-2.3321007661728483	-4.453796276477863	-0.7995495790584286	-3.369415663324526
-3.647985884137925	-3.2532170323264644	-2.0706610637963108	-1.3611186745284516	-4.258779887569519	-0.528395880999101	-2.962561215984227	-5.444729400258699	-1.3870514408098407	-9.137471737180281	-0.5821221714033443	-0.5043529010225126	-1.5380476691020788	-1.1084714747811306	-5.7691316638533205	-4.525732539967959	-0.19998761835419954	-3.8369513331915823	-4.655811671666857	-0.9436136577325451	-0.8761714138410865	-10.974985383604325	-1.2871483240940396	-7.688140555752745	-2.305681274945055	-1.8998843534764622	-1.4459139933088714	-9.930785254521028	-7.511575744118954	-1.6663071910231269	-1.4461581184992078	-0.332663994392458	-1.3279027259417362	-2.0629457909515576	-2.7536068350469485	-1.26712859699256	-2.75302659692094	-0.16264115708010013	-1.2060133912032462	-1.1587127703023976	-1.9897184106877817	-0.16173312349474928	-0.5392344845886426	-1.6879870161573847	-0.045319585131064974	-5.370476343820274	-8.682291998362128	-1.1335240931495167	-2.2785297102639026	-10.793957720458955
-4.205185110938329	-11.266919823311243	-12.800285762760156	-6.4026906773994	-3.9561285962938815	-4.23510632893746	-13.096037079098892	-1.5268591942254424	-1.7493506068302085	-11.951786861778583	-1.9378799144950254	-11.351205565744541	-7.329646937974547	-6.719305356508409	-0.42526165407734895	-22.570686134874492	-0.7151875913128827	-6.099966241142578	-0.44534008450553975	-4.792347207143923	-0.8801136171500632	-4.125821866970096	-14.146167765069492	-0.31449597099050763	-5.650237420627843	-4.971131884803047	-4.937047491698887	-3.8715878794252374	-8.439840022410573	-15.272130749709547	-6.7455090683042	-0.8700117402512692	-10.549016330804164	-3.1399174233901155	-8.080642186399873	-21.086419142271875	-13.11413318759492	-18.675111116501864	-14.55879806071039	-0.7858397860403784	-7.268952813380176	-7.67180924307367	-0.31490571384072713	-5.968705499591971	-6.510783925794975	-0.4849525773481053	-2.782853637425714	-4.9057921826738395	-3.195375688192884	-7.264502911026027
-0.4749559155558325	-0.6570226565999124	-2.7893199539916633	-3.6933720845529034	-2.547900915355092	-5.8474532936642	-0.6259014206760952	-1.080394182799928	-2.8982842852184953	-3.216054744746469	-2.290405852030727	-3.0366445721347786	-3.4296921437264474	-0.4025893575021254	-4.57299873134865	-1.964069291644926	-0.9387958786217389	-3.0084162770263916	-4.217917222254448	-1.3664829408499506	-2.29967184768241	-2.322288099416855	-4.218600251408031	-4.275847882325505	-1.4065288395994369	-0.9109175313669848	-3.8310518445113955	-1.6641967785164624	-1.3231187594737686	-0.5347702752934358	-2.745933164565856	-2.9093639453164375	-1.962832987537038	-0.386323420518675	-1.1422707900915698	-1.852650912853112	-3.346522159268914	-5.042702359595024	-0.3240645076572484	-0.6439903552966313	-2.6312886814591554	-1.5529988587627264	-0.28306668955055453	-3.687577474210713	-2.211461939904269	-1.0030716689070287	-3.9608166254774018	-1.9974529283878555	-1.1722313974424696	-2.098931536671186
-4.860723531565746	-1.6979982436572527	-2.765515277689189	-4.390541540312562	-4.682856644776189	-6.53420090753211	-2.512121315516751	-0.5699751860305465	-2.917684721728846	-0.03246589845365661	-3.5565828073083368	-0.13884642826208138	-2.8822341173732107	-3.3687906133146805	-2.570935218455426	-2.6777144544107907	-2.9733562625036623	-5.0413650482270445	-1.5242693033810968	-3.853834369199797	-7.724139000814951	-0.7732812032726342	-9.437369013662096	-1.5895788695068007	-3.6896404847671325	-0.8020976771149997	-0.5236101271984177	-7.19730307787163	-8.56202628179555	-2.854349040496282	-5.141219478539176	-1.9210977665308029	-3.1127215026169193	-2.2785867787741987	-5.7196658809480105	-3.3758663649725804	-0.28778743921352895	-2.178992016035719	-0.44785474002645836	-2.657048838985513	-1.0082530647894035	-3.246777402020075	-11.068650862643853	-1.5105316829481112	-3.5974209602918226	-1.9560689799759183	-5.021343533460564	-3.3172426423911965	-0.5588106710969623	-8.774606923471879
-2.7287552018765213	-3.865334963514158	-3.7077643387732016	-0.20063576625140733	-4.620486324047615	-1.6949292773559024	-3.228737379031879	-3.7662788211698244	-0.3034667352954601	-0.08726719233496019	-1.66312120811875	-4.118216850668225	-2.0681367303162563	-0.927736926616152	-1.7913869047626982	-5.240007540960238	-1.2918025145060064	-5.3228580938742365	-1.1799987119415607	-0.8534242063810873	-3.195197610011613	-1.325831478486551	-2.1139222303491563	-0.8565644778002383	-6.348372794763945	-5.249352004557577	-0.038624828364056174	-5.152532084597896	-6.078919726257478	-9.071358848064106	-3.17730839249747	-3.5695522969377897	-5.969828388078491	-0.6196731932439643	-3.68269563565908	-1.580682494538224	-0.8911016381063819	-3.0898523118570758	-6.62346803323322	-10.034232334328014	-1.224135146525993	-3.1128407767773574	-4.9058426714564165	-0.9890443421458275	-4.938355696160448	-6.532838861236865	-5.418093220198566	-6.616279323023245	-4.683957014612124	-6.791884037710455
-0.28329126578910974	-1.5991070032515005	-1.0838685660741496	-4.163886027027856	-1.3421414703296504	-1.0661107542682418	-2.3652728569717265	-3.512779016322055	-0.8945797746226537	-4.97482933604667	-0.7864963232054434	-0.5027840178726096	-1.0696016884064752	-4.3910407033415275	-3.841561174948142	-2.0562189759621194	-4.277198774681356	-2.877561748027476	-0.16550154230414388	-4.557021811006097	-2.922890980427532	-8.969800841426435	-10.955804462340268	-3.4616746265703697	-3.827303915924181	-5.883220673922607	-2.8404280829271733	-6.400274173659138	-1.5838823856749071	-1.1137736513248657	-0.6910581223179566	-0.8671997349761542	-2.504419057636892	-4.310903420402115	-2.479720150635117	-11.115585022232132	-3.70472670928729	-0.07827853480835163	-0.7275968631253787	-1.681120074778434	-3.1551124939953006	-6.13583229230653	-0.8487498394842734	-1.4790469743752428	-3.926546276209226	-7.307570802680329	-0.5971254894610298	-1.7446405549010024	-3.428105129561477	-9.461617917329137
-0.05811851138882608	-0.28307786151315617	-0.1473547627748987	-1.0598494081579688	-5.500302089904956	-0.758809379966067	-0.8045005556444764	-2.284747007381035	-0.1723414578619056	-3.1912678643014716	-4.950134580769185	-3.29810706822736	-4.076717145538388	-0.9199147462350137	-0.4813612575148757	-3.1409442428295558	-3.9919593796223727	-2.0901471886091993	-1.4244133982703566	-2.6936215301009465	-2.7371787355616277	-1.5097396544847683	-2.5017740877318144	-5.5388956720192155	-0.9235330603499348	-1.992177612201067	-0.9039305815681639	-3.422053190475416	-0.24483101923931067	-3.471192519437402	-6.425429252149065	-2.4541318082297066	-6.021154385226507	-2.934025188676048	-0.7424872812385686	-2.7945873397343304	-2.36268358805339	-0.6354142082253016	-2.5198803547387314	-4.3340377240029895	-3.867523270040264	-2.789410091402069	-2.470989418614961	-4.179518843462675	-3.2513802846607187	-1.027277154277028	-0.09363860950439613	-2.452287343716203	-2.373753171823969	-3.055342235157015
-0.9522488644597606	-1.5186560926848798	-5.542495145150733	-5.957329252636837	-1.0497646650716206	-3.8387308503549233	-1.771797552966409	-2.1412570575035446	-5.88265876984309	-3.655138946871889	-2.5078081315457768	-1.015151646267885	-2.1540914936204603	-5.261526519692071	-2.6478020108157967	-1.0249700906168036	-0.5590849509781362	-1.8799551399268113	-2.395734993333351	-0.6197698382912062	-2.8211959137199694	-2.0916495917352034	-1.0492282139955327	-8.595653016018929	-10.320340317893333	-0.3582582364085138	-0.6933270181231157	-3.69840463298043	-7.586328795924773	-2.040201802915833	-1.7082448414831914	-2.655670562134768	-1.4059316886148014	-1.5156041507816713	-2.3238470610036397	-0.5387805780506212	-0.48926970266609776	-3.2306088828041952	-4.720294498962722	-0.6011167734181472	-3.890009006438249	-7.430090434650915	-2.922960642375746	-3.3523467001902088	-2.5331040360287513	-0.5102371531449574	-5.826823198491526	-2.0821512407689813	-3.933835999413308	-3.073884467132088
-0.20264999899586028	-1.6111136213209243	-8.439674519728115	-0.4692893996119141	-3.2458603974102624	-4.033782619542118	-0.36857774207541644	-0.07377037146256978	-4.712833169217691	-9.110915995822976	-7.218038334642085	-1.8120789934949029	-2.759724542914143	-6.512829711129095	-0.9331327962555137	-0.8648981527496544	-0.8458947233773009	-7.760394538616736	-9.009082232315228	-6.711097344177715	-0.9666787281064844	-5.446649767587759	-2.0350714372929604	-1.9337020080578875	-2.6020896477142252	-6.486424484906494	-0.07451443210707867	-5.707235743993072	-2.2561560341935727	-6.066965788827547	-3.2985617887776915	-4.879232877088134	-2.2717975126314345	-5.275484024004114	-7.42901969551087	-0.9530676469908455	-0.8015252732816796	-6.436704966912887	-1.7316513751239198	-3.4808726903967964	-3.6375522897756025	-0.9527332629689742	-6.204076094149163	-2.885938944039795	-7.140722836176156	-2.4901973051802067	-1.5499635108522951	-2.2989964856405063	-5.543031175901743	-3.2191835304004264
-3.7535475743619693	-6.740632440548741	-2.373275237222927	-5.13482793945089	-1.4131280623448506	-0.08409703910488066	-0.4343698605385206	-3.9925973184297177	-6.5158550532876065	-0.8920568304379062	-2.098934097199109	-2.880228245238783	-5.004829951687955	-0.15668578877471356	-3.670457069932505	-0.05589528759954571	-9.467664401745658	-1.450825023481171	-4.434343392010717	-2.305172533549106	-2.796474025308475	-5.594042817970857	-8.110848073790972	-0.08322465989367284	-2.8299502883536665	-2.2760604224281673	-7.719477288091035	-1.7189690795376782	-6.643035553277045	-5.674530656166603	-2.294751039812567	-2.6478724087130683	-0.14885656280791884	-4.930347920990659	-1.9013967102935014	-3.218362580424903	-1.6807861854870738	-1.5444084821817408	-5.056010539610822	-2.6870276107664637	-1.1231583249079153	-7.032496949887905	-5.369133005331468	-1.838698494362145	-1.3560734060485378	-7.631457850969876	-4.226194265156389	-5.152577649027743	-6.6304126926374245	-1.826110598719332
-3.230142732984815	-1.0207844901123102	-11.017891574501343	-1.726148505320256	-5.25987205836919	-5.9820233418844335	-4.589658424487741	-0.5755887846789487	-6.087384009885993	-0.675408524512144	-2.3836727121195715	-0.7576762202147629	-0.1795346476015424	-2.9526193532967877	-6.495694167410242	-1.6299282534318755	-2.4769050676207343	-1.6584799367307097	-4.56055110850313	-2.02633710658733	-1.6200554769556228	-1.7583054310502078	-8.394913127156634	-1.9697186165088465	-4.083535444069446	-1.2085101779714327	-0.7185907660117167	-1.425869148319408	-6.239557734176387	-7.553110874417664	-8.020357851308768	-2.5450019530242924	-5.934726118868571	-0.818369924525121	-6.421130663239785	-8.061480463745404	-8.804520094539054	-6.919107082904065	-6.066756480873874	-7.871226104258394	-4.2335175991244345	-9.307832721040972	-5.505095940496885	-2.2093908329204277	-4.308078298470946	-5.022402572319898	-3.996169178474973	-1.085350703223292	-4.395909075659459	-1.6812094348832967
-2.620636482402489	-7.599423810282323	-14.970073659613256	-9.23520659478795	-6.636913688517156	-5.427528812972964	-17.960164555046035	-3.744990358301549	-19.585388589640754	-11.829819211577629	-2.589568905376552	-9.766624568404785	-11.687750763121887	-6.039407149661942	-7.379365992572863	-38.45341493580683	-1.672157057315099	-21.28922279036389	-5.727223553237792	-6.544464188526491	-11.128816091467195	-6.007866095852325	-13.036095474470105	-9.19150677580016	-14.665842686342835	-0.7501986508235583	-11.124577287016626	-23.26731184479551	-31.970463907069885	-23.877378400489963	-3.2388267924248284	-14.507806140415912	-0.5670454072442552	-20.36649731520957	-15.557828663180775	-9.885492371265043	-37.64700558829631	-14.607170494257586	-3.2441006373778807	-12.326773226322192	-2.4326530422332064	-6.06268063275601	-38.645099515509415	-8.315505448526133	-9.25222966006033	-12.891622862557096	-4.829812655930544	-9.940225425769464	-0.09961200115975913	-36.23588068212761
-3.4723714690871503	-3.9135212656059943	-4.3710809188908755	-5.197268201298314	-6.075415674843967	-3.258237570337146	-3.497249423008861	-9.02891679475014	-2.3935760511956485	-2.0983078287624037	-0.9002250741504443	-0.4023390989848794	-2.303330382573343	-15.814529729186622	-0.5108064547817458	-1.0720186277229784	-1.8894813955479415	-5.912545722529215	-1.624238639897262	-8.743948554257075	-1.607954558996573	-0.7799229154228537	-16.99784597036585	-4.2752952780816385	-0.9365170853287617	-6.928728098029645	-2.4630813994764154	-8.073790193736606	-0.09483842596702431	-7.617255997605754	-1.171957153988461	-4.249471323010068	-1.1506252169245246	-8.663460581435897	-4.908510022298649	-2.118797960652417	-5.543070122868733	-0.7669424874608349	-3.8676402707912616	-11.590951333307626	-4.761977191848188	-10.991430480278684	-5.0024690708640875	-12.35192483415789	-3.6350182745016557	-0.12549567808316944	-6.184452558104372	-9.307849497030226	-7.689293738622849	-0.6305782842338246
-1.569418830344656	-12.3326799520272	-4.570559758605147	-2.6508371895931706	-5.547613370786105	-2.9421260005079706	-7.387940001060737	-11.829924595831807	-3.5220874123931276	-8.429686615553146	-5.150809194019452	-2.0930280298709794	-2.84373365250189	-8.30882559543922	-6.19182801251954	-3.929405702782074	-0.586090812123565	-7.515702839301754	-7.798680433035648	-13.769101375121037	-14.748058869773097	-9.148152554473034	-0.9777756411325123	-7.889151003006496	-1.2469857059057072	-7.175348664481906	-2.0218660261004224	-1.773128043739748	-3.1941361942069597	-6.818062588125465	-2.6937869018865994	-4.091134731169217	-0.9638142765114808	-0.2332103380562336	-5.901830688091449	-0.5903337091852515	-3.0872223613809737	-1.8536531510898784	-5.509849713796035	-0.769836622563224	-0.34916120827519925	-17.71477100027319	-3.6250641946049393	-5.944874861221156	-6.265429854474421	-18.13016387309653	-3.393936978515913	-8.917883754942581	-0.0428770207683203	-9.050347982759511
-4.233592260516247	-0.5008943025935548	-2.047694980133281	-1.372801971553452	-2.9856695005842813	-0.8872601157147999	-0.877463889722915	-6.1259215621150425	-6.480608410916848	-0.6648919577882738	-5.576840417803644	-7.194854983209816	-4.631467589509928	-1.7426086095161903	-7.5901275306313165	-2.427512902718171	-0.779219500356239	-4.549965038957368	-6.2466510949924645	-4.604456080048681	-1.0044318410838753	-1.7589062409618932	-0.6919368651377997	-2.924107682220156	-7.483226887691139	-5.866996875758062	-1.1706733575429786	-4.5790042689367105	-3.6905629005564027	-0.3790831876499638	-9.223627306188604	-6.478046770188335	-2.849329582740787	-5.8645672025907345	-1.384894146970726	-8.359405791707161	-0.5422454414540355	-1.2064690604674029	-1.4486638855272451	-2.851140804957169	-4.276720217022582	-1.138974983404781	-0.48778105727343524	-1.386801552856468	-3.2813052606984456	-1.2063041086935158	-5.886405047064203	-6.352462509748431	-4.069819062553675	-1.9462767090277455
-2.046643554037289	-2.381709412427055	-3.5564145825905866	-2.0263070895904516	-5.01779679602454	-0.6418349497533982	-0.6590969127665882	-2.3530693893316768	-4.982022063823774	-0.6125066007831519	-0.21668568980046454	-0.8045198595202914	-7.393194828723288	-4.7075751053040475	-4.698279133384755	-0.6613203174355163	-8.90009766943864	-1.7040807177432487	-7.847191717346126	-1.8053576522011405	-8.601101981326337	-7.968049102812302	-1.127700975874253	-3.8760747499175796	-0.7839274751574958	-2.5685334954862693	-9.750360821527035	-4.963160670677043	-7.60944853160165	-0.8719682136768876	-10.73966986433686	-9.080244848292384	-1.4023448720948246	-8.124140532240222	-3.9546069871174208	-4.946365667999444	-1.0384279534435497	-3.1172323541136318	-0.3643806151689511	-2.309147442722155	-8.495829532067088	-1.1952662796862576	-9.991987401593635	-12.866253143890699	-1.5706487709721564	-4.49068779853838	-0.7557361828837694	-3.1491324877673312	-0.69329836830713	-8.913080415068887
-0.8842123818302576	-2.9564134220257134	-2.276785734746915	-1.0026733927665585	-6.756745774059729	-2.253158467888956	-2.3066420863368746	-1.3083940696056373	-0.6045245397475262	-4.725082493922653	-3.4509363431263855	-0.2872572085844386	-1.2600469112159063	-0.9857637161379962	-2.124967924538195	-5.458223635814599	-0.830761734903938	-5.702618382118169	-1.1761331386777192	-5.207478644477577	-1.6639927681139044	-2.7476394474594352	-1.4752798187345162	-0.3258259036227191	-1.26615547785473	-3.982603206173245	-1.1233659836613348	-5.684269719544365	-5.390258096799837	-7.37633847089222	-3.563536683918318	-3.029071109037159	-3.401307514609971	-5.1754844963639455	-2.794364232198591	-3.8314869158927123	-3.083140634025616	-4.182131242712989	-1.2108529404005246	-4.735633130973659	-3.135847141151335	-2.2693141801177585	-1.619154982727301	-7.070665777553829	-3.55545842655885	-3.1350270629009813	-1.932206074610932	-1.4013895160154535	-2.0708304717855786	-6.026063133337317
-2.9583628568439955	-3.325948647444445	-1.5028371307283575	-0.19644432604743395	-1.7570980659452013	-0.36985244254286087	-4.79296990901747	-2.5047947614583457	-5.636441107775695	-1.9943818949398668	-7.479202233738484	-2.2167304452464496	-1.9773694718582044	-0.08834606647119407	-5.469947212130464	-1.9571945689025312	-4.398661278213502	-1.832308159595624	-4.430897846642888	-4.421862214629229	-1.5915261110549752	-2.1317968702268155	-0.8044034045935398	-2.768242101708326	-1.00073245490892	-1.0598780381355146	-3.8390057223032037	-3.3234151138494346	-1.467125332758569	-2.053979364458905	-2.296501926199968	-1.5926861767561895	-0.7262423311291116	-1.3981279037158452	-0.06457796122930651	-1.1006458642437709	-1.4316058682670856	-5.237306481423174	-1.2256765574293913	-3.821249164328085	-2.887868095724526	-2.4170136900513906	-3.420264635136355	-1.439541018364995	-7.779402590503703	-1.0191553771853343	-2.1834563902506123	-2.853147441673636	-1.8606744011136527	-1.4994423497542702
-0.16535282285548403	-5.767543043199272	-5.7148913848343055	-5.533945235003195	-3.9984155812928055	-3.656743527953714	-0.9331815992576619	-2.4871942029792042	-1.541795515662521	-1.4058054996904463	-7.6159277153717095	-1.2085156754617024	-1.7022391994991315	-0.3536950868519455	-2.804473757822705	-4.83111631952257	-2.161900778826282	-2.44398565159775	-1.1543232906298198	-1.5728863970703046	-0.6425213695002056	-0.7695225232723291	-0.8914284562122918	-2.069106119314206	-0.5817833148544288	-0.8879073405393912	-0.8733975271524976	-0.9604937730141667	-0.8307970169105243	-1.7999835650062466	-6.044401180733313	-0.9924271805951527	-0.23635467449725073	-5.590549107978673	-0.4460924351820587	-0.8810363291363728	-0.6009141919181888	-0.7197335206420641	-0.9814750036615136	-0.9581037977588619	-3.072577605143532	-3.704407150094127	-4.696481359562214	-2.215279886999686	-6.416753762751829	-2.8980294447371424	-1.6083927129804119	-0.07204136367278617	-0.7272783410860264	-2.781849236625212
-7.017678203907268	-11.083083449758753	-1.2988789105402616	-14.120921886267652	-3.539815037922656	-1.678951479268329	-4.350220099446824	-0.6375016786885732	-3.357841723129484	-0.8710628766515568	-1.7516158881365973	-2.9669562519077664	-0.6222207313942639	-2.7391395791853226	-2.1704554203935675	-8.79360244570142	-8.494579174850431	-5.168590339810789	-0.0477484210192744	-1.0316847725018652	-0.32545858809720196	-0.85865745172476	-7.176996012674001	-8.023769908358322	-6.11552512861569	-6.573538359998841	-1.0220477667815233	-2.5898213737950475	-2.4169794949484738	-10.064715360431792	-1.3459237839877973	-5.928759177562126	-4.1043806883042	-1.411960559936051	-3.4078307885048242	-2.2550180303165543	-4.7038025362541305	-2.391901558203382	-4.626702137819551	-0.3326402789324967	-7.8828786276959715	-7.887624593308452	-5.888427241352577	-10.190875328383246	-4.1448292716145705	-0.6305334352163341	-2.682173160021188	-0.7720929262537757	-0.9986531025041594	-0.2532083016419574
-0.5465982733543928	-0.03900689172006898	-0.5254036259702937	-1.631076644983969	-3.9701036279196416	-3.014297557364776	-6.9565525083203195	-7.938395079660147	-6.136873059828721	-4.935968100317931	-2.037536453306995	-2.9577495204685054	-3.785066600788378	-4.801994037087789	-10.81710161321832	-3.1317766848759243	-1.640839462211865	-0.3890368148654337	-3.206770902864948	-2.5939032235193906	-3.1450784958337024	-1.6386913517328963	-7.275698576576991	-1.2408944797280794	-4.235427887955579	-2.8804786398130733	-2.209172883415333	-1.8076207055944469	-2.3649343896205304	-0.46915960579130067	-6.142092497190391	-0.41363714412540487	-0.7890119613946456	-2.296443531869023	-2.1561162102472857	-0.027923490590715784	-4.961877125013871	-2.2790165712580137	-1.3571218739359638	-3.839132473977494	-3.2286012591401083	-3.803931843737995	-9.160196651872912	-4.655424818803151	-4.377338366206768	-10.945391988437057	-2.5910582871718333	-4.013283187892627	-1.8006964430940564	-3.5804531692305095
-6.709110927663216	-1.9273618653743285	-8.8901168398657	-0.18819509272511065	-1.2308440897781692	-1.8712120915535222	-0.6765183944093228	-0.7442279226454646	-5.961543039250764	-4.843570187624093	-0.3619081676362482	-4.138787804163812	-2.454477092016896	-5.677689559788025	-2.5555939766831743	-3.7500760032832003	-4.263848007287155	-2.523696211076645	-2.8862507760595695	-5.010088080872231	-4.506627613837906	-7.149909878580652	-2.631741200132229	-0.5977459039224177	-0.1585350876146009	-5.194216635746114	-3.0326040010338495	-5.484295130486768	-2.9286117847707698	-5.273028833671299	-5.620960367377606	-0.40919747609059165	-1.0666164114694245	-2.2191720098243333	-4.750326471527037	-4.856145526956588	-1.597940920566245	-0.2721902948489016	-3.3457784687059773	-2.8561253789941414	-1.3822500139220524	-6.707009632905443	-1.2829448858266375	-0.44149048522080636	-0.12412033092139027	-2.415170102300095	-7.586858213329874	-1.323241617971357	-3.049998836475389	-4.950046462018941
-0.6762964815793646	-1.5180814134384992	-3.8537060608134346	-5.3998531316281255	-5.794268748883631	-2.4376165065532422	-0.9243342691645435	-1.1999023194218457	-3.4361754633990227	-1.6378020854738433	-4.531754042509337	-0.930961665369165	-5.205617097774948	-5.426833628388715	-2.2031589781491285	-2.364451216648401	-0.7233485005686062	-1.7893342910254	-5.1528946425758715	-2.444842264480445	-8.241227366288097	-0.2779215441076051	-0.2524270527583045	-6.018852468725158	-2.6640126551061174	-2.620886562770756	-1.4494088869093575	-5.111941613660943	-5.468842085136304	-4.953245375957515	-0.17964121733147034	-1.3899458679395034	-0.5692100688265892	-0.1524343303205701	-1.3510805227080978	-2.650228092835993	-3.489073949912829	-2.9438031989556963	-5.265532861165081	-2.529854479822439	-0.04909302205261886	-0.3075917223873045	-0.7197042807417721	-1.524064082371166	-4.525239223311026	-1.6656042853427886	-3.3610086668380212	-2.1187113968631532	-2.2296651902748543	-6.565339275072475
-2.198226990801948	-5.782658013006546	-5.1899362103234665	-1.9710638450756326	-4.417186290744518	-1.077752742664886	-3.832590797755752	-2.6754464242513922	-2.530526942321456	-3.3596121396616168	-12.958400397852923	-1.819115539508597	-3.0774210535578055	-0.3760097487246079	-9.80919768490828	-4.532079806394816	-2.673942026746075	-4.26033734298076	-3.7071847982576918	-7.846188927197307	-4.922685476650088	-7.645156911579932	-0.3715827740349652	-1.4825733066791011	-1.9249571238466745	-7.82575845786268	-0.8215064415969958	-4.336367272963914	-1.6041919681177594	-1.8066088585668207	-5.1248593590376865	-5.572853113896748	-5.653351967122283	-0.44858696869045955	-3.255904460854101	-2.2763590593237804	-7.83212085302184	-2.5724074338062013	-7.548850440128152	-0.870277943244034	-3.277402123743686	-4.724102447965511	-5.602801763675865	-1.169203074150758	-1.2746518216420413	-9.045834771023303	-1.4601438229625785	-2.22227159088556	-0.052577806735575806	-2.3539113589026925
-2.633565644593725	-2.830123953323354	-1.9394246300063966	-0.8966336099961876	-3.215928059471567	-0.34801504949700074	-2.633011436052571	-0.8098765818084437	-3.654386909510542	-1.7877782480833928	-1.5414681035189886	-3.6758748075106618	-4.501929099585478	-0.6542924653395107	-2.6132014525200913	-3.0830951459453533	-6.689224053576969	-1.8101281866614212	-2.65713262402989	-2.7859410604444923	-4.121439922265724	-3.0370361003723825	-6.615919206736846	-1.777183261328769	-2.372889349161847	-4.59403938846342	-5.506879059427293	-0.9827776662851705	-0.392787013780577	-1.1920869035918265	-2.4426435261373305	-5.43167636942784	-1.962680968747385	-0.07447525244054638	-1.7182332368548974	-3.2488956075889845	-1.5896414461244015	-0.4877909193357487	-2.677474246633512	-0.9728291151639319	-0.20644600184898848	-4.495405674800461	-0.20284378259808544	-2.717657501916883	-0.511537091948285	-0.15363361469407505	-4.745521489535487	-6.902136001566194	-2.9648347737760226	-4.464166742981132
-4.089240667759364	-7.891482369587205	-2.2317000057117387	-5.485701281224156	-2.615538682114389	-0.27079765769735514	-0.08898157935596797	-5.190619393064427	-4.731629570994635	-11.277504295499542	-2.375586349910925	-2.8199821682671544	-4.867562776589704	-1.6520449374709671	-0.42280513277051396	-5.190064727056468	-2.9488785601786773	-0.6583934005754497	-0.5734939167028396	-0.1574260227118013	-1.387384699059994	-2.215418372090516	-2.3727459528588057	-1.9088300680488381	-6.945582444107147	-4.428901541753515	-1.2396816787772025	-0.3588176607505862	-4.696267209217714	-0.2808819522603907	-2.38433706237492	-3.764113608695223	-1.3531867746402093	-3.9551863108590384	-5.72574340472846	-6.51214644291224	-1.8720478362107842	-0.04252456368235129	-3.981025165150875	-1.1915179831472242	-3.7502131248266517	-2.16789078370316	-2.386615727735526	-1.4077465234337752	-0.8906796412544886	-1.0879894781535446	-0.09714433651505928	-4.9311915260395	-0.20302580714800333	-2.6785123876290524
-4.380217229297714	-7.092831927221534	-1.1459449924030203	-4.83627785850946	-0.8840307497439714	-2.2561601622023053	-3.664973087529039	-2.4478320995861003	-1.243849175335165	-5.4730576969761096	-2.1502541713489705	-1.3432116318899248	-2.271408386776058	-1.662394121356545	-1.413951771060657	-0.5467463187634801	-0.41326866043699767	-3.839742632243227	-4.500995848828592	-4.7766847143383275	-2.805767479269038	-2.350224665803614	-3.004355413382674	-2.5009105879481344	-4.336158243395481	-0.6943103929005289	-4.328626929020896	-0.05078862312818518	-0.4021497578785517	-4.782426159858199	-0.040658843901602064	-2.302642156567759	-1.829536487436382	-1.4213718784340479	-5.173626621515698	-1.5569758439477184	-2.24946614298086	-3.8551526081424585	-0.5842398363874265	-2.5530613092509222	-0.08122466864538772	-4.976040429855168	-1.9157488137631833	-4.460552786927122	-0.3540538962859622	-1.5403284118793934	-4.950743103732281	-2.002853041937871	-3.124668604958897	-4.4718232481500415
-6.381794305996527	-0.13754226856103124	-13.774025132451573	-4.894300381179738	-17.398986034082462	-3.916623663219413	-7.851783288984857	-0.6803750590591189	-2.571787997969897	-10.712723136261335	-16.166842926252663	-32.72941447855688	-4.294702680091528	-12.413373219097377	-9.572447457794128	-12.050764326842865	-13.950318332548369	-9.160948731078665	-27.74417487061701	-12.883142622523216	-6.056663713635723	-2.144142870235573	-8.709024104575033	-6.285963333734557	-17.115388181496836	-20.993727388394724	-0.8111218250574337	-15.830072797062591	-2.8300563979734714	-2.181118162423014	-6.304819335441824	-13.384520022295208	-36.08387396123077	-33.92457133780934	-9.518400463506062	-7.734905381762058	-2.9377270803659488	-5.701798034338031	-12.30377716250594	-9.011141775863287	-14.96941558855918	-11.885290412756527	-17.572912221637427	-16.392904848004775	-3.859057348692043	-13.852724645138172	-4.217404761771573	-6.235701572262704	-17.227060944665315	-29.753587584203984
-2.907205187011595	-6.726582998077291	-2.738197032883771	-0.8295580492968755	-1.367300348982777	-1.7181728621172672	-0.9671943611450147	-1.0412597839314879	-0.8520269328790815	-1.37972693551065	-0.7220115132792537	-2.641227249493718	-0.8134016923372245	-2.461254822514084	-1.2600991016382266	-2.205011437339924	-1.4722980855219059	-0.9173345392754064	-3.0561059028318525	-0.8703338422720792	-1.9089747042065504	-1.6465069578878202	-0.12653936449192754	-5.3238322055979	-1.1306522287457843	-3.654220253087894	-1.0225012829572049	-1.3507480697671579	-0.12132932378257108	-0.5420316974338846	-5.2361589015692065	-3.571116512773676	-4.536969534915002	-3.7257075447349153	-0.5306545354720723	-0.5326639080514189	-0.45862567153878836	-0.7369288256425137	-0.7606161085491991	-0.9385411649297177	-1.5524196144445446	-1.0455627479781033	-1.2487048445944717	-1.817731823775092	-0.9768255549661236	-2.7646130965493105	-4.254266296125022	-4.04731737269034	-4.7441671241638765	-3.709552603166026
-5.4330621797908005	-5.860702815932982	-6.060406960309177	-6.129768777500044	-5.138169646454561	-3.998445821608936	-6.696558555435914	-0.05565331626658976	-4.493239298587918	-4.595742050344127	-3.155721596576681	-2.2940826418750224	-2.940728050771217	-2.531825324144652	-6.71542896976834	-2.5317381794032587	-7.357623499297691	-0.7863800200585782	-1.494607406768273	-6.3284063349396344	-1.006760624043488	-6.982011467009629	-5.589966283760507	-9.19928163511962	-2.2661889840817913	-1.9905054016983046	-3.674680154560006	-1.3908887600985445	-4.311675091214001	-2.893932001316424	-6.032623354313094	-0.341668874388718	-3.0164275267767353	-4.616685898290222	-0.7715967427534993	-3.0431204467419835	-2.432114004212992	-1.3704289396265432	-4.064329505744817	-1.7052666803073668	-2.8095061610780228	-2.383514547222809	-2.583631031119637	-3.472404018530761	-1.3380268613177484	-5.618995070661288	-5.187515852089837	-3.0454889541125816	-0.3423831245627495	-2.219433721237483
-1.9676104241177745	-1.4034653137755115	-2.4012193765364858	-4.86190558899087	-2.4965140615790413	-0.24897385257448934	-0.12719351781407295	-2.173376083872954	-4.847983705565211	-0.837283705929003	-4.365406925419051	-0.07953659234118152	-5.7602660873197475	-2.5682220999573016	-2.5204459253087768	-2.9324335547878695	-3.2490836964838237	-4.162116711429257	-0.28536791377832454	-0.1780271904505142	-0.18605066180072866	-1.1156337785420676	-0.1980584336099752	-2.6450537120996653	-0.7850838558152032	-0.3986048538230939	-3.401140707537805	-0.2667962517732227	-1.39999881760708	-1.6694734483574696	-0.1385034280617591	-3.244039844843651	-3.1353143627851896	-2.6041124505749296	-3.240058062837956	-1.2343728658839734	-3.525024219191642	-1.3292744116199098	-2.681159968034831	-1.2285298601404735	-1.905359782466074	-2.2617862279701533	-0.502829182683289	-2.0268352141442403	-2.385213448414804	-1.1129369747601938	-1.573586010654795	-1.6404526180265715	-1.8242209029872851	-2.145267674644269
-1.551506381897759	-2.1601102152706884	-2.917597790969287	-5.3539721111275504	-7.558456690738321	-3.9260528031720137	-2.7452224198336586	-2.381242231340721	-13.571416252816721	-1.6166644840127034	-2.281873583758447	-6.023012619507937	-6.681158831060635	-2.3377067981117463	-2.2803202348932703	-1.9039252700193274	-4.047337876056265	-8.878748117039692	-10.09637261436301	-7.975758016740308	-3.753910946834372	-1.977901789443976	-7.069562925187883	-0.22196373400791664	-9.64675834769032	-7.298840332515274	-4.696117977488569	-6.901727829193714	-0.7936150741971089	-4.045515525872196	-3.9114176669593985	-3.5803682654875706	-5.276999930634439	-8.302098994623776	-8.142810481152843	-0.6237603437691858	-2.1642080316004657	-7.694822072650606	-7.33682428646387	-2.2135463722830284	-2.654048688876278	-11.462253439048343	-2.4642194681181135	-8.921626068897185	-4.1740216491196955	-9.445235710029175	-4.241809662919106	-7.291192009743158	-4.534160730607944	-3.536218145984006
-6.178709852656711	-4.698960168327967	-3.4449073972637128	-0.032220530044830525	-1.9984639271588343	-6.261202847045791	-1.6984542610364048	-1.5878172598606994	-0.09315455519209387	-3.251010434502101	-4.592180881235009	-1.751414011876878	-0.1495963417466284	-2.090495466543967	-4.078018781070861	-2.4098967785682244	-0.6210658610801401	-4.495606850283771	-0.46360807107545476	-1.2199175811878087	-4.494244512708198	-0.3691579023703371	-2.160551599327942	-1.6462737139092525	-4.920688687337447	-1.7899927841379586	-0.6924978341113988	-2.9987734427901955	-5.737914248498112	-3.7095018765364434	-2.8802036307487917	-2.7604491361839645	-2.5117534751569983	-3.2156505497100154	-3.714350741408717	-4.201454998509988	-0.8627942588504744	-1.6362552568988935	-0.7323861070054904	-3.2203958534032053	-0.5712659660165833	-1.034769543029285	-1.6560022816769417	-4.919513806566077	-2.054892258796359	-0.6064605074689741	-1.2624361776572728	-3.53302573500865	-3.660664199303322	-0.11745230548838333
-2.667700618509876	-1.7080941599959418	-1.100586822871949	-1.272622261432838	-0.5394708685674939	-3.416713326677378	-0.15820923820405758	-0.8934633731156576	-0.12694213345634653	-0.5063746597996004	-1.4295759305790186	-1.2252323709452106	-2.405260798402524	-0.9111898273328842	-3.8174828069448776	-1.3950074281060822	-1.3242468545033304	-2.764434765862211	-2.4391089619069266	-1.393146794641578	-1.3486798087221068	-1.9100041167758344	-1.6738696033779719	-1.2328916722144971	-3.3260714929098576	-0.9796927807905442	-0.4802861352567399	-3.341842021696039	-4.472964765386949	-1.263283705162877	-4.002833051031849	-0.7877087106214421	-3.483991483200147	-4.207173242097899	-1.7995026413274946	-0.792263716877342	-4.701441485528083	-4.295799813814352	-2.854891875372502	-3.4754076411629975	-2.1202594845710223	-2.302744981841603	-1.9642716394243056	-1.9659312505081594	-4.317634014729467	-3.9474837694350278	-2.653294531721422	-1.5889640767284474	-4.866409398626766	-0.9267294793694143
-4.62215623535249	-1.5457020735950178	-0.5237324699105517	-0.7611993859556834	-0.0446696563874463	-0.9541772445039476	-0.06274943040190802	-3.8550373083495697	-0.9540934847479827	-4.067859102351389	-0.8421516745816371	-2.008784175465008	-0.3139318928257395	-2.9038864425357733	-2.7930729002899164	-1.8647249921808917	-2.0307556865513514	-1.0265749584609165	-0.31698180543885485	-0.9040331799740468	-0.3883962907677292	-1.3010304074196637	-2.415282693350845	-3.4687409014843933	-1.649264919509297	-0.4312586370076816	-3.7474001280706033	-1.7466508367872127	-0.4020934661255832	-4.402169595604163	-4.02752854652233	-1.8412586042790131	-1.703256058133681	-1.9007602435005995	-1.0082339206582116	-2.119413259016792	-1.8777505746540568	-5.228676354929954	-2.4803902768275994	-2.8092436434060892	-1.2294234272265967	-0.6800391869123773	-5.5415690480335185	-0.8536672310802769	-4.212560681830478	-2.339927463402155	-2.4298288536652777	-5.399518302527065	-3.3933647418760287	-2.8110145128818442
-0.3917264722609455	-2.568135866840163	-1.8584496211277481	-3.160070965211725	-1.9519104503736187	-1.84692286426048	-0.09616083659214249	-1.8404476423853664	-1.8343064208572968	-1.0792413747333414	-3.464565384665394	-3.5211007307242976	-0.8121801481276525	-1.2478750880028344	-1.4230687468712535	-2.3528698499040344	-0.8323519001774131	-1.7981677555671083	-5.042208926489989	-0.16350812267525647	-3.8131546346951524	-4.656238600676119	-2.51345253649551	-1.4293731056653827	-3.04004057682039	-4.115694410271555	-0.7066215221364691	-0.6464101102957835	-1.1232611650810245	-1.3566679630662248	-1.7569749397928829	-0.7991817312332945	-0.8615365841209529	-1.4870694443578591	-1.4499765419434496	-0.9021133777911942	-0.5230088259377057	-4.742733941952055	-2.531622788921478	-3.077833940738438	-0.8107470513296863	-0.7967884736856705	-0.6030607275794299	-1.3440150120115932	-3.795972846630156	-4.415305923471277	-3.729369690433347	-3.4673997190676324	-4.690754886797477	-3.5477183953808704
-9.776143736005418	-3.2522627237458135	-0.11302590661551488	-2.681003047970492	-5.337895802937997	-3.6908059465396104	-5.443886047015203	-3.9852921962387926	-5.11861525757632	-0.603072867367624	-8.798834805888909	-3.1510976368414614	-2.6949789961985946	-1.68649649689726	-1.455489439241306	-1.8866613959130243	-2.4694402891354894	-2.0500571016922806	-6.624941978409662	-7.4403719748766655	-0.2598455718934463	-5.894872306225717	-3.687314030576095	-5.345783623242819	-1.4742368884565302	-0.1756157899376382	-6.471517058270376	-5.229940954453964	-0.040758896963865344	-0.6708876269824489	-2.366422042685781	-2.218572184307219	-3.5990240856467137	-0.8857513442667138	-3.231980713520876	-3.2448415745725083	-2.795723718582204	-4.660835476469141	-4.4797155998352824	-0.9663999848395304	-1.9199011538492132	-5.111302229800595	-0.9914942332843091	-0.06096469925863712	-1.462537051015674	-6.358129884300066	-8.121179758405432	-2.7536902707788924	-1.867397068794191	-8.58555506337382
-10.83194741956413	-20.691708273489535	-23.72117358513255	-5.759347973331214	-3.5106774251752313	-2.87960836393577	-58.371981146693884	-22.083577155222883	-7.994881121460697	-40.381979369583306	-107.27668400218685	-1.2694493906281537	-36.89313833592503	-66.81101079771419	-12.530045232237166	-26.65094140952395	-21.120106297889826	-28.244103102341032	-22.358021455069725	-29.922750379375127	-63.349664531001125	-30.721652621294155	-129.35272531935806	-69.05180020369804	-50.27252803654418	-26.044522848686096	-29.004688882387967	-22.58310118042945	-22.622163792933364	-1.2622431477318554	-8.36593931421995	-17.286243117763263	-37.58837338633554	-99.67876820175776	-8.10175921195567	-81.69318335654262	-75.4198925491133	-19.09409611225481	-77.06962705227596	-12.26565631540544	-10.073523407093338	-0.5586166457250046	-6.672424054686143	-35.04526120705639	-28.300853631633977	-0.3639927079400774	-15.198836701366426	-2.5832478511548236	-74.36111688738306	-8.589064572822608
-4.8375956464161	-4.49826512395975	-0.3623035613643048	-5.712175475029097	-6.942437803548776	-1.832061927621956	-3.6568355246875774	-6.6017374294957385	-3.1738926452426157	-4.449051448910822	-1.500381743259165	-9.656170352991717	-0.6442653295501455	-5.377592096781154	-12.209834681521858	-4.273020871500043	-0.4319386306298768	-2.206867600985663	-2.3975966353375533	-2.3703981595679267	-7.97642066596541	-2.6229055934326677	-6.361505358761346	-0.7421408899004361	-2.6908259126349963	-2.556646824124287	-7.481176426735441	-2.6647452439984614	-6.626902906847057	-0.6140533624024245	-10.349424440545059	-1.5523072320875628	-4.401266887856407	-0.9867518674276061	-9.588159966702754	-4.0008488971931175	-3.487763360668866	-7.643557043253087	-4.512656888068916	-8.520146317233909	-2.0349888077124216	-2.6799121051798798	-0.8324839597979098	-6.831111247567327	-3.900346013612489	-1.2410131764616654	-0.6857031025399497	-1.8168705597249581	-1.001951786697448	-2.6531093908079733
-1.3411669738165217	-10.20267474024883	-12.986611754662965	-2.7097024542485917	-5.053433442025321	-5.518064571723775	-2.047291731488988	-15.402446294667977	-1.2960313146573308	-2.293872466546046	-17.174012344774134	-0.46064575758451054	-4.932816542140632	-1.4751112883967288	-3.494900560891776	-5.020879745493657	-8.907300046862854	-2.99231845610419	-4.580703835061245	-1.9785133735404332	-9.629490933759294	-2.4508728615060367	-1.7492339312905303	-11.270919038901447	-1.6425135612324155	-6.965617889948277	-1.0586757331422827	-2.9116994492504196	-3.404141741275657	-8.92624283518512	-11.555980323805022	-7.009425007220146	-2.815049363909668	-7.338427980273272	-5.397091607420653	-6.203351687385151	-3.49299468237015	-3.1634631108753846	-6.038387192765878	-6.6305531318128175	-13.108896104657875	-2.9025956214154864	-10.82135142919651	-8.262657608392125	-10.957757714399333	-2.8773631899766428	-4.685763576629375	-9.459264996965244	-13.990165980409602	-9.497016824787156
-0.6016445441756388	-0.598615018657659	-6.135149747350495	-4.535875008926686	-0.43663605792144045	-5.905212210744638	-0.7804065034120855	-2.119363421490143	-10.499584079894996	-14.753629307423811	-5.8432961387705	-10.498892806772266	-9.287872408354955	-3.535860390164194	-5.786061158755141	-19.119589401583585	-13.844525928801577	-3.0918824214273233	-6.8583476953599405	-8.432442180693664	-6.277617414476186	-6.55743360983952	-0.4623511641309753	-5.686743541508974	-15.871807510062935	-25.772404531962202	-8.079318369201147	-0.8553087822601118	-10.672261410470941	-10.601160800200905	-5.780147086743078	-0.5464748984676325	-17.136159422410376	-10.122070547524142	-2.427178505290216	-3.7673365756953863	-9.37263043090063	-11.646605548681183	-27.814098183124493	-2.2148487885426373	-16.753698021551063	-0.4624192136107654	-4.086223882637661	-5.9760165881952165	-1.8481052402632367	-4.688861496716068	-2.1960001896598396	-4.171865525456882	-9.311979107178274	-0.2367682212257869
-5.9436944005361045	-22.516299314958736	-6.603831419891129	-1.1050198483714917	-9.0477031461447	-0.8006687657874778	-17.179050520814318	-6.103237741149426	-1.095799199734461	-1.8870844225100156	-7.523528862469183	-5.1762792957672135	-4.344122613686843	-1.0048773311495323	-15.194453828561791	-4.482339717992353	-5.318491924338195	-3.2785749329671274	-5.82565565814137	-1.1809739404506407	-0.5702425049244634	-3.524157882426715	-7.852710584541361	-4.203418398361057	-15.613569576163432	-2.2152060241140266	-0.5105351294445606	-10.027053380543077	-5.6688197452845905	-2.29712250713363	-3.0527214589210487	-7.821078357529557	-4.803927920965293	-7.572771085565831	-9.069299290034646	-2.3729823833332273	-0.3625526932441126	-6.412150560729469	-4.810071592931938	-10.808059440033684	-0.8775932499631187	-5.232018596535635	-6.0250892876774325	-6.294603222844657	-6.730521735535337	-12.357227965616032	-17.280702555197827	-6.29502405615872	-2.402326569972997	-3.808463082791685
-5.313801745082176	-3.531458753797314	-3.79222510749577	-4.941544619316432	-1.4298819485959566	-0.7181441209871579	-8.379782218412867	-3.191167969110351	-3.196299114984338	-14.145711855751918	-3.387016786018342	-8.311167508872925	-5.982439776465027	-3.7481161156061713	-4.659089655157905	-4.717341323467984	-7.781299252524298	-6.245329841448565	-7.308191222719937	-6.3067191298820795	-2.6926547727480385	-7.443860900901791	-13.199149254231141	-7.439169238376746	-6.08105582610963	-7.8366088524285225	-11.743560166500616	-10.45361557678751	-3.306826159075311	-3.1503623395544453	-3.457769447842285	-2.092809063647337	-5.431923451713831	-4.902254462808537	-3.6623686148452848	-12.672119763965288	-4.896979015196071	-6.1530434716413165	-14.686106649964618	-16.97435085723763	-10.086538402986307	-1.8977019975965925	-3.7329222937534965	-5.415038972418077	-11.531405980754267	-5.9412509842341095	-8.193286323121647	-4.7142605179060935	-13.300505565364324	-4.1691671283407405
-1.1973323709278207	-0.16702211208274823	-0.9095396256749982	-2.5073404828108994	-2.258635206267308	-2.0066695668549075	-3.7397068992481803	-2.7894500378111386	-0.2466755311312875	-3.499274441721309	-3.097375111512606	-3.664751310287784	-1.5034173997525364	-3.402414971927467	-2.3572913124435773	-0.4225617663462297	-4.079404027716799	-0.18559818337757275	-1.4003266469236528	-1.8589358982036306	-0.7859486848394565	-1.6431553274672959	-1.569518171722321	-1.327430876704371	-2.7750328640125312	-0.3767459517932847	-0.9184476388785043	-0.2699013034432307	-0.3186051804123319	-2.5368138597625314	-2.720345564614182	-1.2689585814869024	-4.2119049856619215	-1.9183308092935554	-1.2936707568628143	-1.3646650462935717	-2.3859866304682433	-2.5036034502241575	-2.526888988050584	-4.21014665355869	-1.3035291991146085	-1.1424149271427646	-3.429860196268366	-0.5974386560413665	-3.8300739558820998	-1.1976724464414858	-0.7090183878365294	-0.6972261245776123	-2.1150656810693333	-2.6345911922609524
-5.69209714552332	-0.5122996703943606	-3.0372863974696713	-1.9188279684246075	-0.044083735556417855	-5.583670584193635	-0.706157429341917	-11.438865132434842	-0.5679888730643023	-3.1953771839615346	-2.1747910981719545	-3.4059036885471787	-3.6598466997548655	-1.2868161389547526	-1.765859964110315	-0.8148390085826409	-2.1769312114205137	-9.008507075246731	-4.9100432010731865	-4.992507384271184	-3.236908022929156	-1.1417527155837794	-2.06647105063915	-2.991913158924935	-0.5689698667521703	-5.591104331837633	-0.11713099052374724	-2.1359729372679777	-2.816933339188392	-1.7377354084882382	-0.6426273611251919	-0.13667770367737705	-5.237823616125679	-0.059809413524906894	-6.131271551308512	-4.159013439097494	-14.166143220445012	-5.854155406944197	-3.5586555279209846	-2.017433906006506	-1.9913984366446336	-9.94839086273251	-2.3046343228415527	-3.2503003886572115	-0.6729511727983334	-3.0768241172053985	-6.651145134784981	-2.8173893129323315	-4.461204796131454	-7.064193428152681
-1.1449715763260375	-3.2886261842671844	-1.6560729041542384	-0.39283537623106773	-8.872184218689926	-9.21731670948369	-4.367379616496735	-10.247830378441074	-2.9077070454546723	-5.130497593972223	-8.025719544254803	-13.778680177880581	-10.334754126658254	-18.95822839012777	-7.021219959255628	-1.7175662114893173	-15.221963233375025	-7.647877596412429	-1.6341192145464505	-1.7025965083518093	-9.982358673933291	-1.05647710263887	-2.536849494264736	-9.26487955270078	-11.525592407682833	-10.083689813675385	-4.674669292758859	-14.159309533721917	-1.4072482350495517	-1.7971947587320778	-2.8590854572575815	-1.229638910362037	-0.9305102849497237	-2.0014799954752913	-7.941637096772765	-4.011823009415453	-4.5602740623626445	-13.62079073104219	-0.10750285048521542	-8.077844005040866	-5.392961211872219	-3.6001290147672815	-8.951083770160453	-3.976916005458566	-6.589832310476402	-11.766385234617225	-6.278607884718156	-8.90465756065941	-2.3987255576014848	-0.306833429798804
-4.883225669920497	-6.308005832162404	-1.7611147254261832	-7.146359855187198	-9.683070210760567	-7.395991540125984	-10.117600206135963	-2.0609785430925043	-12.363622960448083	-5.572828254220786	-13.766490687602829	-16.06958246119778	-6.6987821078468555	-13.279288691094566	-38.11606820507763	-3.5053233409511195	-13.56448283409662	-2.4733040861833318	-3.3678038971571933	-8.120828544258416	-15.521671198777462	-19.100277007869472	-6.624227724984298	-1.3144300447733932	-0.6007684311940829	-7.4484362718514525	-11.796729808517464	-8.252066118422166	-12.766943153790292	-12.76718989892142	-7.235930600291539	-29.19728105036522	-5.938155937810453	-7.234363898149828	-0.6471322573336606	-5.932352496657821	-5.219271083890222	-7.305310259587904	-13.727821411110222	-16.69942848313701	-1.6213501466618387	-9.44709357440218	-3.2367906280207728	-6.777803595629384	-1.2110280344157778	-10.391913003422923	-5.034818999983893	-5.887385139949956	-1.905542055645795	-1.717029039355631
-9.498324274711276	-1.1462121116876216	-6.573042500415388	-1.0813027062919445	-0.9713951979651222	-0.8482223004759988	-1.5361915830980344	-7.331121943685799	-3.561058185950098	-9.407201450358798	-1.0822274301815766	-0.9077563932294854	-2.135925073123891	-6.94126282284852	-7.336431392709203	-3.4474551090540273	-2.2009852941517964	-4.52848293177938	-8.990181541782519	-0.4595925915077212	-1.651357343354606	-3.1631126450183324	-18.609035852148832	-0.19844828446758747	-8.097967050347702	-11.907501538235332	-1.4536062049374165	-2.5300195059622403	-9.689186750442964	-3.052546553779247	-3.2506841499726864	-0.6647125508067285	-0.7448267081235318	-6.957792664281603	-7.092057597563478	-4.949855025959257	-1.4921095857703532	-2.722098368897851	-4.245031474105015	-15.062177597584213	-4.982970290285392	-5.370068175476345	-0.27070096084951023	-4.3140631026051794	-0.6149494055507212	-1.4722494459366757	-4.9424569145992	-3.424673057011096	-3.177856933874919	-5.537187465843561
-2.3361202152347915	-1.0333451349967162	-5.8922804157502435	-2.064043155850884	-5.941371628645101	-3.4677622054777872	-0.8195766588346158	-0.16936933010220007	-4.20787535577832	-5.378954742132564	-0.2930933659312515	-4.387361516879359	-3.930020396227973	-0.7551256962300553	-0.9100997263300834	-0.6121574966022896	-6.2831350128502965	-0.9703494469075049	-5.789146438563511	-4.871851559818411	-6.329479047718454	-8.291139509728964	-7.034063008534436	-7.20388847046169	-4.3133742431566535	-6.486133601690389	-3.802338717596265	-1.0101421528488435	-0.3663331438600237	-0.5371465866832541	-2.597443757339235	-0.08525003320355351	-7.19216512798662	-0.18347026870612418	-4.933961179169127	-5.214282750975016	-1.6788337339023016	-5.023697211071767	-1.4931244563052055	-5.836830128450972	-3.595052027525684	-5.755741815478404	-3.1346578965505483	-6.575335918656989	-3.6410625223856794	-0.05025316393909423	-5.725972847572876	-6.292973053531039	-4.98237698028918	-10.193248269044501
-6.421078426478498	-3.0810398454747765	-0.4143743000071704	-8.869798677160889	-0.6571679984411493	-4.033515092959891	-1.3318237783045475	-5.383463717152434	-1.0203862737970195	-1.318532284429112	-1.1020282523653777	-14.637998443190131	-3.493644486512607	-6.700939230329936	-1.5597400227813258	-1.3346802215655713	-2.9457586972671863	-7.9178288423496035	-1.8626493788251706	-7.12210629900925	-0.06472450311066932	-3.216718066124235	-11.004886090803257	-2.477416527728113	-2.1993311429205535	-5.255566291373299	-7.3611257854033	-2.4145746813006266	-4.3953964883812215	-2.957792815896271	-1.6092711408067757	-0.3613800365284976	-4.250161293017394	-0.4128563786680083	-0.15696317925386458	-2.6029702805048758	-2.0985451165610884	-4.708291981131959	-5.57913895390252	-3.2054295201193654	-1.2531037290542169	-1.1148900991591093	-3.6029844694045376	-1.6356049060438154	-0.1776424476707329	-8.522425852949391	-1.0079764702750098	-4.905975437029634	-2.128940673959645	-3.570975056862544
-3.4705218764099377	-2.5757065921368802	-0.5917681180152858	-4.73744988497639	-6.6695448247696945	-0.14611708689677974	-2.5766370962949883	-2.4573359265097956	-1.873807003105719	-0.39829876542070974	-1.2732950183511784	-0.7648035258585132	-5.229630335106755	-6.0088438268264746	-3.548118280421474	-2.130135204714897	-2.330694887931789	-2.4966466439278348	-0.0753613627545975	-2.3110944197167576	-8.092506484558546	-2.6245597447020055	-8.565595619981442	-0.43579985869437654	-6.883597659211303	-5.199388072613808	-1.572655905630668	-3.977112684522514	-6.58876139353956	-9.276572011647046	-6.03115985496523	-8.046014932197634	-3.2330273378515475	-0.10179999938267546	-4.546903536470016	-1.2756015841227217	-0.6002195271936179	-3.3158221106476855	-2.7303548644943265	-10.74899236418752	-6.461729281057092	-2.3449128657039795	-0.6946003711200042	-7.95163233826685	-14.153130660538704	-1.9371854993052307	-2.245486675998691	-0.9466447194969598	-3.8465074320630177	-0.797143549024206
-0.626801365150822	-4.245602564787288	-0.4141702943918609	-3.1335058751354743	-1.6099036005998861	-3.7230348598540206	-1.8101709955704806	-2.7586558526257376	-1.8828610563628934	-2.389934758139833	-1.3425947253501924	-0.4610056130025441	-0.6027301864373333	-2.6302565211697337	-2.2935734327555983	-2.807551349219193	-2.864572245173159	-0.36244985463434604	-0.46102440214655777	-2.8268160528270347	-1.7916111286696859	-0.7675986146511771	-1.3408637547085793	-1.5488018483004824	-0.9309164645171621	-2.0661535899476235	-0.26767896011427855	-0.3074689080514347	-0.6988329228593189	-0.22202184576860962	-4.817949171300116	-0.14020487977205323	-0.6781599666289426	-1.6725018698782814	-2.6897360915567523	-1.1569373914037455	-0.5783769102902859	-0.32244866522564525	-0.6444280691458515	-2.1484672130967297	-2.692196101804748	-2.006649223317153	-4.506552358682495	-1.388466944936619	-3.366575129925973	-0.5015364932700158	-1.8718846209265052	-3.139933403680711	-0.8359560189141142	-6.4130197639825335
-3.308003115839205	-4.536545319290936	-3.068925692455798	-10.269055202110609	-1.415472457740645	-5.189380660393483	-4.135188726273491	-10.072272671056343	-9.824752933669862	-1.4087034006725254	-2.517096209389751	-8.234796847938181	-0.9931149121679678	-10.093622551890325	-0.4250088227853158	-2.176967417607526	-4.6535348651667645	-2.0780797497278414	-0.8136171213926272	-3.0474144955065796	-4.247362329060183	-1.0760041488667187	-11.4073379170432	-2.5783769352503754	-2.1270526280531494	-6.56648816211893	-8.247097397206534	-2.912564131298717	-4.761853356546891	-6.557230857558109	-2.6630872129121745	-1.2966250202242335	-6.731966109612891	-9.225877633234273	-1.504951674447673	-4.204027703465573	-1.321617709627125	-0.7308501396783436	-6.180383000554304	-3.318792298991635	-2.916684144451176	-3.533099441651827	-8.364256643354148	-1.2841327089425305	-3.0140436617980715	-6.225963415182596	-0.32917606339384403	-1.6718487599475038	-1.8367381722463096	-0.454860257004434
-7.886212499524693	-4.866099341819929	-11.119239723310814	-14.181422664017695	-7.291543133628657	-6.891442542107817	-1.240577064256816	-12.615966661739684	-2.5662268731399207	-6.812179572992562	-1.534254766781659	-6.812930932348859	-5.674423505156309	-4.830389645394836	-11.959179912124611	-3.9440544308906924	-10.533162758515008	-11.749292336874138	-2.9225549416224483	-28.414521427743832	-0.6752033560113926	-4.946627805138049	-13.093083329401939	-14.755936542853142	-1.3321639607786282	-8.396426342871102	-2.642101625267671	-11.719091404326038	-0.4017557850812259	-15.547769011871527	-0.21383924418388162	-6.787981847368837	-1.9848353743294536	-3.6209035633336493	-2.4979468989445177	-1.7908074045922475	-0.8401163410782392	-13.216962826043902	-7.398306957585778	-14.082887389554887	-10.547926567081161	-11.434566073326806	-1.0105634836620794	-4.365906052660919	-0.9755834182749612	-2.0390191978991536	-2.3934931015377305	-12.747528994479193	-9.031577670482461	-0.8248611847222792
-4.15422606863707	-0.4713752599034781	-6.708084030166293	-12.600322273441872	-7.2083715435308555	-0.5238012154127714	-8.817417814905202	-3.1291786825657226	-7.493628685048481	-0.0917440303151333	-3.980569704087547	-3.538076317446132	-1.4446321661549417	-16.02754075242208	-4.9319693684182475	-5.950679968470218	-7.950929030364959	-9.183238051754378	-6.612639615110112	-1.3455590762480403	-1.2569535626170856	-3.598565055901314	-6.080415373016212	-2.9259644520538304	-3.183707454865198	-10.621479507282718	-7.345248872658802	-3.444614449982338	-1.6131675629900606	-6.057597454699028	-2.7047290284578884	-5.49945393102448	-3.0571583979767514	-1.7891514783927165	-3.089486166570058	-7.704150027204461	-13.628452630802942	-2.0811421899954383	-5.3673426636255614	-1.612263687274586	-0.715509758151468	-1.6163236326878145	-7.482208364967137	-6.128400927972004	-9.182578655117135	-1.100580077710023	-10.660385926723828	-11.655662906440202	-0.0939002047330024	-9.243075204400482
-2.455559431273505	-0.9952619357128836	-7.3269789132948056	-3.944466167287288	-0.8037513740734091	-1.5208272032726065	-8.859510021646727	-3.5735831846812633	-9.570876356539495	-1.7712702031671124	-4.648052699413064	-17.040323276233458	-0.37522030241165216	-3.181716820127815	-18.043166978003697	-3.531225427424321	-0.2239131251644731	-4.133599552316492	-9.591621053074963	-3.39839733232582	-0.599931152189615	-9.5127355772463	-5.187045737035419	-12.41251353511152	-0.42987133664562305	-6.471788551765963	-9.174334163861772	-10.525786997551554	-6.703967415194532	-1.656807673915537	-4.831092198667239	-4.874125722656911	-4.427198832328214	-6.780716962452201	-2.623870626046881	-0.14452777689887225	-9.356136269470056	-4.1240761803702295	-13.317085816526857	-7.540297699335618	-7.443991721293134	-11.088678608034897	-0.7780620943723688	-2.4309774735760143	-10.529517875028546	-1.5457909566657095	-15.470560942745639	-0.5620924280161896	-5.928657173285011	-12.589967780078501
-1.3729499618961656	-3.7567288902025933	-5.5690397529035165	-0.2368700699523623	-1.13459874613149	-3.879147775155922	-1.1340671001598577	-0.40856278386931844	-7.822871683082049	-1.1032583292021592	-3.432739994520121	-1.0966073560926188	-1.0508117083469999	-0.6222995256430541	-3.1549717469466594	-0.5492697800362264	-1.2444952088794685	-2.0029465217011295	-1.0706764496628067	-0.4818318901895035	-4.2260220292621185	-6.694406387409605	-4.333056981377101	-0.9143264776184974	-4.047037050142836	-3.2079676157693244	-2.2211962786583666	-1.3483569235645314	-2.463800939494503	-0.5852494047411249	-0.5625991748792744	-2.1578681224540723	-2.4934213944726955	-2.2289341798731868	-0.9881606782799055	-4.459411715679137	-4.82009511128787	-4.3628209086304786	-2.235861446061822	-0.6694691859178216	-4.165158100255365	-0.23663595738321203	-1.4017273179132723	-0.362401603399975	-2.9952592138377927	-4.861983591585292	-2.124371670900366	-2.70784175108814	-1.1377233406278686	-0.8307077606424245
-3.881331995122024	-3.130536487876349	-0.8904414728186971	-1.5795986083122768	-0.9384624458511704	-2.058909428644018	-0.6241728178823591	-4.580605858088914	-1.026435404365242	-2.414430372732049	-1.4696543692529938	-2.9404087862629886	-5.66025517563719	-5.377849530110016	-3.2700877054360236	-3.5432502043250134	-1.5541939503639275	-4.198485575369773	-0.25808552533811413	-3.6992411690711466	-4.460013535317033	-2.363673856628358	-0.5421603356626912	-3.2554768729416774	-2.1384058333260656	-5.9655949114706495	-0.45016190871030126	-3.4694349184631332	-3.8622738741938383	-0.8171217393065227	-0.6418456383512322	-2.8356174924007793	-2.8239633834495104	-2.704767682397255	-4.255090076934418	-1.668200722013772	-1.15393379284229	-0.7341433417607679	-2.954868571667238	-0.8212511389261982	-0.5039555841310709	-1.1796096798031774	-4.608752214857853	-1.9063877808760012	-3.9139562964678007	-3.0021806449856996	-2.2024215554040483	-2.1963707025103645	-2.222877887979309	-1.8310819046828357
-4.890205815479316	-2.533841062493312	-6.814532162579344	-1.0290858424335751	-3.303754088739378	-4.359175271194435	-11.86025598347441	-11.618963188534902	-3.039720585584056	-3.599413950153197	-12.238842028905253	-1.0781400483919499	-0.7569117940655882	-1.407709455923108	-3.689807261724681	-9.867258972600938	-1.494246160975662	-2.3965812890322398	-4.711954466866954	-5.014189678879798	-1.036355231877009	-7.939345486142223	-10.390124427984535	-5.4327657789567585	-5.087711551723669	-3.8790950099374175	-4.035474276377455	-1.9816961610104116	-8.925964664234527	-4.03163501921375	-5.443498297267327	-8.966748205866404	-10.885089434417068	-15.946288252038798	-4.477291648534154	-10.941126417894536	-2.0883499055122625	-0.5313107327775377	-2.918197309783878	-2.6879799561909836	-1.0527079638020074	-2.744648724103375	-8.726751792304537	-1.1063146636551706	-1.5136033285264103	-14.722339900731725	-8.513329079790754	-0.1077603439766264	-0.9043267173652336	-7.5455176727671
-0.5888741806283802	-0.6994032188570385	-0.7987357465067499	-1.6626689646906894	-2.7652591455672884	-3.9491846861898665	-0.9147302633126606	-0.6051173408894267	-1.1277761420545083	-1.2426830030599678	-3.0561898249744175	-2.459264665176726	-1.3185509890683371	-1.3823859383610537	-1.62487946118996	-1.914266375024215	-4.105076555194029	-0.11410827585072572	-0.10709667211546939	-3.6424838527274015	-3.673293606015184	-0.7004090685691569	-2.908764082179747	-3.077478893542246	-2.5577305478927514	-1.3624513189668752	-1.3763236405025654	-1.4824797741614648	-1.4023722724322794	-2.2093307207335027	-2.524163846550944	-0.4244984298045731	-4.629275765763899	-0.35211758139125604	-2.2790480869278236	-3.078082919910518	-0.9790235654000619	-2.8966585305802526	-2.046253835424779	-1.6880298644930067	-1.161064551440643	-3.328288447352741	-0.7026092000120633	-3.114842750017134	-0.5677231022505528	-1.0811756407956434	-0.44824379960281724	-0.7822298127888617	-2.164570996440189	-0.06789427862578054
-2.72914056825243	-1.9370959410538098	-1.7471486056032939	-0.941552765812717	-1.090946211254291	-1.4339164886020588	-2.0950404260377775	-0.8578354733258282	-8.437215792903045	-6.830004411942838	-0.6317747774686957	-4.893106325357914	-3.699192898456136	-1.8188723432806162	-1.0354097556924073	-2.0497194735394726	-0.34550458938072065	-1.2752700451068817	-5.290097678741667	-3.3071413535598095	-3.5816847472937834	-6.558217983757241	-2.62123641050421	-4.4394802095322	-2.0628142894281365	-1.5549842555802655	-0.34234739929267344	-0.3418791001362383	-4.737978487546369	-4.294884171233408	-1.161011648429867	-6.103790607814158	-0.11166065112430727	-0.16165320236101727	-2.632180757882559	-3.0016559793126847	-3.260587565637236	-1.580991066889164	-6.183368578998951	-0.3115197613342367	-7.098861752642959	-1.4277269701081685	-2.2844810112921783	-5.334795776930727	-3.0644475875875035	-0.5288685105077248	-0.21439739193863808	-2.9513802199139216	-3.180721520073165	-1.6445719500797458
-5.502396860902611	-4.8917906080545945	-2.2426495585751596	-1.651064760703028	-0.8478094855409485	-0.8237185579472159	-1.079200802787042	-0.42552243836883114	-0.6406986763627467	-2.4081010844572206	-3.015922390309645	-3.8369924808014595	-5.069914245882536	-2.3560780928159843	-2.3025314613668484	-4.072826328557553	-1.727509741118886	-0.38732802745457495	-0.8104950979713936	-0.2287614152150315	-3.2612314907505064	-0.7836553777249768	-9.400706897345259	-0.04948986197436018	-8.630058173670331	-4.219604591965213	-1.309599114785184	-4.331417492587626	-3.5221004796254007	-2.398051947672035	-3.0778781841551077	-2.1688053081222156	-3.3567327342542037	-7.963035883371614	-0.9581479857110677	-3.0328758034982535	-1.1211336855495202	-0.44007073688739384	-0.9177661409759046	-1.0911071462796746	-6.668195969878208	-3.2380174685700043	-4.285719826912867	-1.1005231770830128	-3.637203637953289	-3.6902423066371375	-0.8025110333768604	-1.2037750297226406	-2.3207759828314543	-7.899008297882631
-7.687881042023676	-3.9348860926602933	-9.984744725863292	-5.406746417216752	-5.895156768906359	-2.058428261941054	-11.15859874812724	-9.349292243277798	-4.773083092779717	-3.2285084461877833	-0.05312860925849015	-17.933576784427654	-4.870165184179761	-3.7801208251839	-9.196559184821698	-7.835168738024592	-0.5555093449677602	-3.6753579534684704	-2.0830620717987998	-1.2746845423251814	-3.253794473351043	-1.9681286315725153	-2.2081802857649526	-0.37007931975168584	-0.6247651986515752	-0.04367458017773127	-0.05698907107743606	-2.726913239192732	-3.91853387149237	-5.178237088173205	-1.4020404464124328	-3.0953512228148856	-5.107488112391753	-6.059972199435172	-6.961296527294529	-0.3033148844516073	-5.619154174135136	-12.565165121317026	-11.100848037324877	-7.634104711960296	-6.833665888274542	-8.545007292781477	-12.45439023963409	-9.91939070360262	-2.988504265101816	-1.014689226342902	-6.144508475330504	-0.616727132570875	-6.911736857547119	-9.199306042616268
-1.9444319509245438	-6.708171535165927	-4.311903590023959	-1.8927268661171956	-10.414137520701157	-0.5040088360773857	-1.7744561476197647	-1.5314872478324077	-5.9285719908203625	-3.9067362250430016	-2.107051799068512	-5.177323974654163	-5.394867793316875	-5.303118656020415	-3.386417013792628	-2.120394176135253	-4.515759606400559	-3.9221915834515713	-4.241064420796783	-3.105560110266821	-10.82667842511835	-7.33413970153612	-1.2687392439115257	-4.163049180079188	-4.9557004057269936	-2.020387390050455	-5.142628933061363	-1.7090702884916986	-7.815582987182207	-2.6251078793446503	-3.004438188079884	-3.203116532732462	-3.9734959195432484	-0.3030841592822204	-5.681468618194425	-1.1598721467263677	-10.42217656908396	-2.470272531688984	-3.8484441090352206	-4.8745362190024135	-5.697350486469752	-11.374166652823291	-6.590561613325851	-1.1456716964027858	-0.8505294640759082	-6.3866665794862385	-3.0763819765732143	-8.157984121076847	-1.6636191135103653	-7.507198303830925
-0.953994131298197	-1.5797116430989684	-1.0064001537008553	-8.628334123357991	-3.895031407875504	-5.354076345256624	-2.6013262285552807	-1.8147654514439715	-1.4033649080924646	-4.473483007608067	-0.4026592000476738	-4.761231589644309	-10.446485538444719	-1.337282059438977	-2.979714881824881	-3.626612092960327	-1.9750371753142781	-3.2886387506065464	-0.9244753706776382	-2.410167432570179	-0.6687061441169102	-2.522186519635085	-4.764023367914804	-8.846262094531594	-7.227316743834438	-3.629215296213574	-4.710525730205051	-2.943240880665936	-2.964260009590239	-0.6865822175448881	-2.5194388821246116	-1.9759795340681185	-6.135571438666506	-1.8286007785725347	-7.8099567088369195	-2.0638963002732122	-1.0654464856074273	-2.8039375022182975	-7.286186193496354	-3.8822781322229214	-1.5928868378720578	-6.63582723279028	-5.981127271497908	-8.94982569793234	-0.05947698346822486	-11.459755694132122	-0.6686278739917186	-4.668864483110564	-0.10983645884148677	-7.331739716244444
-0.04632505535027111	-6.185059527273461	-1.6377370937209301	-0.1751350881142417	-3.6876532961661717	-2.1709431756535027	-1.7736434954974092	-3.133172258775886	-0.24544168904344152	-3.4306598125472565	-0.04863969276560034	-4.144523607559048	-0.7837905591042106	-1.0972426608662793	-0.5156421490941866	-0.6389148611200711	-3.0656608177602696	-10.593430218321796	-1.3198535727876435	-2.56775458392775	-9.612332561485555	-4.731099264630272	-3.418719469617301	-1.150275223674448	-0.8848489485958888	-2.0862363662421823	-3.5682274773353284	-4.833884310141752	-0.3475746607064502	-1.2237458188726693	-5.521345888304273	-3.339305033838329	-0.5545294957381749	-3.4023336765563292	-5.189461124930537	-3.608976701315517	-0.03387257993070189	-8.652370586936362	-1.0609269122269698	-4.684290038455891	-0.4041446300938314	-2.375011847737194	-1.6782276391422632	-2.36858259776649	-0.18128745910012395	-4.3509388700256215	-5.758686124141134	-0.4421080572521775	-7.322820065195727	-3.9927712007111813
-0.6183800590099363	-1.7793170769221498	-2.3876677523992305	-1.8459360753617444	-0.23162152476928205	-3.938635614088837	-1.3029290111973126	-1.0636852273637976	-3.254512689562312	-2.381103333504639	-1.5249678487606473	-3.7796030478929676	-4.519272953194498	-8.071830698444833	-9.816488872146586	-0.24037824302572486	-1.159369488424284	-3.7869385313412924	-2.638813888262658	-2.0264125353002633	-2.335268126340555	-4.3154081741903445	-0.061452638683733275	-8.403880554175254	-1.9705475418129197	-0.3041393352259631	-6.6506887694661145	-1.3089433052312445	-1.4109327376659961	-7.8146340902131985	-1.1368721168230589	-3.418111277206007	-2.1050638552149588	-3.1703683414293353	-1.7180458769569182	-1.0725267082764978	-4.148294116392764	-1.6075953317486802	-4.185004583139673	-0.632251360492017	-2.427372824642177	-2.698980358676364	-4.047196510459436	-2.75109054571735	-3.862461980173488	-3.2673948885379485	-0.9255582674564238	-3.8622122480833503	-12.738850368259328	-0.9292156291536977
-4.603167433812071	-3.0631891909990894	-4.457852186227223	-8.362991874944036	-1.47385838826757	-5.463482642241033	-9.205910760889847	-1.9719915261645677	-3.673236780408087	-1.0898233127828276	-3.666875304720244	-1.2828622122342437	-1.8289953507912151	-9.2038980435656	-4.319136302089685	-0.9372296900331683	-2.7284866680585904	-8.288954086565628	-3.694362906857579	-1.961851640941231	-0.045035443616316714	-0.7483566593146753	-11.083598350419996	-2.593995766292723	-7.196287272983216	-12.721136907611248	-0.2940530839742099	-0.4326194069449315	-4.27792610811165	-3.08567594827879	-1.7831828630308042	-2.9060214854030444	-4.230261145277781	-0.6838101130127545	-6.759894295518498	-11.840624960843256	-3.6446835643964244	-1.5511925518954413	-4.3275645575264905	-1.8627752660034242	-7.355103571064834	-5.0283386824994105	-7.711499177563255	-0.3296551783574452	-1.4221694663790634	-5.314929372429258	-3.567464155734702	-1.7335624360281434	-1.2170087356525685	-2.6989860728079593
-5.095549260281429	-4.703045996061244	-2.1910447188858133	-2.2823895863921315	-3.846261030295482	-4.088835439979523	-2.7068187155552437	-1.402620261102057	-4.422822742170894	-9.002945374256413	-11.72782560254043	-2.561201920286584	-5.589431420963133	-2.1886034836166797	-2.0039437097487203	-5.6838556755934775	-3.4420837030270874	-6.089151065067578	-0.05918923416503133	-2.050536330451064	-1.664781083828096	-1.5361867285074724	-0.6074301632770733	-2.710940029242031	-3.1684666834440756	-7.591719875814336	-0.08774657889835459	-7.910863772183326	-2.183893957583359	-3.9911109747204696	-0.6940920263396306	-0.15436967637950588	-0.11422821150491666	-2.8046412538808925	-0.12434148792864999	-2.902561658678028	-2.3710352261370558	-1.9848443977702308	-4.114724198070309	-1.8303768967040273	-3.5299805672472484	-1.1555040282352598	-0.6276841606411194	-0.9167401578990504	-5.501313603849688	-1.3288781438532	-6.3967297730818595	-1.9854636717487208	-2.647541422932593	-0.1291426820954599
